id,home_score,away_score,weather,temperature,humidity,referee,home_team,home_01,home_02,home_03,home_04,home_05,home_06,home_07,home_08,home_09,home_10,home_11,away_team,away_01,away_02,away_03,away_04,away_05,away_06,away_07,away_08,away_09,away_10,away_11
14003,0,1,雨,13.3,86%,西村　雄一,鹿島アントラーズ,曽ヶ端　準,新井場　徹,岩政　大樹,中田　浩二,アレックス,柴崎　岳,増田　誓志,小笠原　満男,遠藤　康,大迫　勇也,ジュニーニョ,川崎フロンターレ,西部　洋平,實藤　友紀,ジェシ,森下　俊,小宮山　尊信,中村　憲剛,柴崎　晃誠,田坂　祐介,山瀬　功治,レナト,小松　塁
14020,1,2,曇,4.6,56%,家本　政明,ガンバ大阪,藤ヶ谷　陽介,加地　亮,中澤　聡太,今野　泰幸,藤春　廣輝,武井　択也,遠藤　保仁,二川　孝広,パウリーニョ,ラフィーニャ,イ　スンヨル,ジュビロ磐田,八田　直樹,駒野　友一,チョ　ビョングク,藤田　義明,金沢　浄,小林　裕紀,山本　康裕,山田　大記,松浦　拓弥,菅沼　実,前田　遼一
14023,1,1,雨,10.0,65%,家本　政明,浦和レッズ,加藤　順大,坪井　慶介,永田　充,槙野　智章,平川　忠亮,鈴木　啓太,阿部　勇樹,梅崎　司,柏木　陽介,矢島　慎也,ポポ,川崎フロンターレ,安藤　駿介,田中　裕介,ジェシ,森下　俊,小宮山　尊信,中村　憲剛,柴崎　晃誠,田坂　祐介,山瀬　功治,レナト,小松　塁
14076,2,1,晴,27.9,47%,今村　義朗,横浜Ｆ・マリノス,飯倉　大樹,小林　祐三,栗原　勇蔵,中澤　佑二,ドゥトラ,富澤　清太郎,兵藤　慎剛,中村　俊輔,齋藤　学,小野　裕二,大黒　将志,コンサドーレ札幌,李　昊乗,日高　拓磨,ジェイド　ノース,櫛引　一紀,岩沼　俊介,河合　竜二,宮澤　裕樹,古田　寛幸,近藤　祐介,高木　純平,前田　俊介
14081,2,3,晴,19.0,48%,吉田　寿光,名古屋グランパス,楢﨑　正剛,石櫃　洋祐,ダニエル,田中　マルクス闘莉王,三都主　アレサンドロ,中村　直志,ダニルソン,藤本　淳吾,玉田　圭司,金崎　夢生,ケネディ,川崎フロンターレ,西部　洋平,田中　裕介,井川　祐輔,森下　俊,登里　享平,稲本　潤一,中村　憲剛,大島　僚太,田坂　祐介,楠神　順平,矢島　卓郎
14086,1,1,晴,26.1,29%,高山　啓義,サガン鳥栖,赤星　拓,丹羽　竜平,キム　クナン,小林　久晃,呂　成海,岡本　知剛,藤田　直之,水沼　宏太,金　民友,野田　隆之介,池田　圭,大宮アルディージャ,北野　貴之,片岡　洋介,深谷　友基,菊地　光将,下平　匠,カルリーニョス,青木　拓矢,渡邉　大剛,曺　永哲,東　慶悟,長谷川　悠
14091,0,1,晴,14.4,42%,西村　雄一,ヴィッセル神戸,徳重　健太,奥井　諒,イ　グァンソン,北本　久仁衛,相馬　崇人,朴　康造,大屋　翼,伊野波　雅彦,小川　慶治朗,野沢　拓也,吉田　孝行,名古屋グランパス,楢﨑　正剛,田中　隼磨,田中　マルクス闘莉王,増川　隆洋,阿部　翔平,小川　佳純,ダニルソン,藤本　淳吾,永井　謙佑,ケネディ,玉田　圭司
14099,4,0,晴,19.1,43%,家本　政明,ベガルタ仙台,林　卓人,菅井　直樹,鎌田　次郎,上本　大海,田村　直也,富田　晋伍,角田　誠,関口　訓充,梁　勇基,ウイルソン,赤嶺　真吾,名古屋グランパス,楢﨑　正剛,田中　隼磨,田中　マルクス闘莉王,増川　隆洋,阿部　翔平,田口　泰士,ダニルソン,藤本　淳吾,永井　謙佑,ケネディ,玉田　圭司
14125,0,0,晴,22.3,71%,西村　雄一,浦和レッズ,加藤　順大,坪井　慶介,永田　充,槙野　智章,宇賀神　友弥,小島　秀仁,阿部　勇樹,梅崎　司,柏木　陽介,マルシオ　リシャルデス,原口　元気,ベガルタ仙台,林　卓人,菅井　直樹,鎌田　次郎,渡辺　広大,朴　柱成,富田　晋伍,角田　誠,太田　吉彰,梁　勇基,中原　貴之,柳沢　敦
14147,3,5,晴,27.0,80%,西村　雄一,清水エスパルス,林　彰洋,吉田　豊,岩下　敬輔,カルフィン　ヨン　ア　ピン,李　記帝,村松　大輔,河井　陽介,大前　元紀,小野　伸二,アレックス,高原　直泰,柏レイソル,菅野　孝憲,増嶋　竜也,近藤　直也,那須　大亮,橋本　和,レアンドロ　ドミンゲス,栗澤　僚一,澤　昌克,茨田　陽生,ジョルジ　ワグネル,田中　順也
14153,0,1,曇,28.7,75%,佐藤　隆治,セレッソ大阪,キム　ジンヒョン,茂庭　照幸,藤本　康太,丸橋　祐介,酒本　憲幸,扇原　貴宏,山口　螢,ブランキーニョ,柿谷　曜一朗,ケンペス,播戸　竜二,鹿島アントラーズ,曽ヶ端　準,西　大伍,岩政　大樹,山村　和也,新井場　徹,小笠原　満男,柴崎　岳,ドゥトラ,遠藤　康,大迫　勇也,興梠　慎三
14174,2,1,屋内,24.3,63%,村上　伸次,コンサドーレ札幌,杉山　哲,日高　拓磨,奈良　竜樹,金　載桓,岩沼　俊介,山本　真希,宮澤　裕樹,砂川　誠,ハモン,古田　寛幸,テレ,ベガルタ仙台,林　卓人,菅井　直樹,鎌田　次郎,渡辺　広大,田村　直也,松下　年宏,梁　勇基,太田　吉彰,関口　訓充,柳沢　敦,ウイルソン
14176,2,1,曇,26.9,87%,井上　知大,鹿島アントラーズ,曽ヶ端　準,西　大伍,岩政　大樹,青木　剛,新井場　徹,柴崎　岳,小笠原　満男,レナト,ドゥトラ,興梠　慎三,大迫　勇也,ジュビロ磐田,八田　直樹,駒野　友一,宮崎　智彦,菅沼　駿哉,藤田　義明,ロドリゴ　ソウト,小林　裕紀,山田　大記,松浦　拓弥,山崎　亮平,前田　遼一
14180,3,2,曇,28.1,82%,福島　孝一郎,横浜Ｆ・マリノス,飯倉　大樹,小林　祐三,栗原　勇蔵,中澤　佑二,ドゥトラ,富澤　清太郎,兵藤　慎剛,中村　俊輔,小野　裕二,マルキーニョス,大黒　将志,アルビレックス新潟,東口　順昭,藤田　征也,大井　健太郎,石川　直樹,村上　佑介,三門　雄大,菊地　直哉,田中　亜土夢,アラン　ミネイロ,平井　将生,ミシェウ
14182,1,0,晴,27.6,80%,飯田　淳平,ヴィッセル神戸,徳重　健太,奥井　諒,北本　久仁衛,伊野波　雅彦,相馬　崇人,田中　英雄,橋本　英郎,野沢　拓也,小川　慶治朗,田代　有三,大久保　嘉人,浦和レッズ,加藤　順大,坪井　慶介,永田　充,槙野　智章,平川　忠亮,鈴木　啓太,阿部　勇樹,梅崎　司,柏木　陽介,マルシオ　リシャルデス,原口　元気
14190,0,5,曇,26.1,89%,家本　政明,名古屋グランパス,楢﨑　正剛,田中　隼磨,ダニエル,増川　隆洋,石櫃　洋祐,田口　泰士,ダニルソン,藤本　淳吾,小川　佳純,永井　謙佑,金崎　夢生,ガンバ大阪,藤ヶ谷　陽介,岩下　敬輔,丹羽　大輝,今野　泰幸,藤春　廣輝,明神　智和,遠藤　保仁,二川　孝広,倉田　秋,レアンドロ,佐藤　晃大
14191,0,1,曇,27.0,71%,東城　穣,サガン鳥栖,奥田　達朗,丹羽　竜平,キム　クナン,呂　成海,磯崎　敬太,高橋　義希,藤田　直之,水沼　宏太,金　民友,早坂　良太,豊田　陽平,清水エスパルス,山本　海人,平岡　康裕,カルフィン　ヨン　ア　ピン,李　記帝,村松　大輔,杉山　浩太,河井　陽介,大前　元紀,高木　俊幸,石毛　秀樹,金　賢聖
14197,7,2,晴,29.6,63%,廣瀬　格,ガンバ大阪,藤ヶ谷　陽介,岩下　敬輔,丹羽　大輝,今野　泰幸,藤春　廣輝,明神　智和,遠藤　保仁,二川　孝広,倉田　秋,レアンドロ,佐藤　晃大,コンサドーレ札幌,杉山　哲,日高　拓磨,奈良　竜樹,金　載桓,岩沼　俊介,山本　真希,宮澤　裕樹,古田　寛幸,ハモン,砂川　誠,内村　圭宏
14201,0,2,屋内,23.5,71%,飯田　淳平,コンサドーレ札幌,杉山　哲,日高　拓磨,金　載桓,ジェイド　ノース,岩沼　俊介,山本　真希,宮澤　裕樹,古田　寛幸,ハモン,高木　純平,内村　圭宏,清水エスパルス,山本　海人,河井　陽介,平岡　康裕,カルフィン　ヨン　ア　ピン,李　記帝,村松　大輔,杉山　浩太,八反田　康平,大前　元紀,金　賢聖,高木　俊幸
14210,1,0,晴,27.8,62%,井上　知大,大宮アルディージャ,北野　貴之,村上　和弘,菊地　光将,河本　裕之,下平　匠,カルリーニョス,金澤　慎,青木　拓矢,曺　永哲,東　慶悟,ノヴァコヴィッチ,サガン鳥栖,赤星　拓,丹羽　竜平,キム　クナン,呂　成海,磯崎　敬太,早坂　良太,岡本　知剛,藤田　直之,金　民友,池田　圭,豊田　陽平
14211,3,1,晴,26.3,84%,前田　拓哉,柏レイソル,菅野　孝憲,藤田　優人,増嶋　竜也,近藤　直也,橋本　和,レアンドロ　ドミンゲス,栗澤　僚一,大谷　秀和,ジョルジ　ワグネル,澤　昌克,工藤　壮人,コンサドーレ札幌,髙原　寿康,日高　拓磨,奈良　竜樹,金　載桓,岩沼　俊介,山本　真希,河合　竜二,古田　寛幸,ハモン,高木　純平,内村　圭宏
14212,2,2,晴,27.6,71%,飯田　淳平,川崎フロンターレ,杉山　力裕,田中　裕介,實藤　友紀,井川　祐輔,山越　享太郎,風間　宏希,大島　僚太,中村　憲剛,登里　享平,山瀬　功治,風間　宏矢,鹿島アントラーズ,曽ヶ端　準,西　大伍,岩政　大樹,青木　剛,新井場　徹,小笠原　満男,柴崎　岳,ドゥトラ,レナト,大迫　勇也,興梠　慎三
14228,0,0,曇,27.8,65%,福島　孝一郎,大宮アルディージャ,北野　貴之,村上　和弘,菊地　光将,河本　裕之,下平　匠,カルリーニョス,青木　拓矢,金澤　慎,ズラタン,東　慶悟,ノヴァコヴィッチ,横浜Ｆ・マリノス,榎本　哲也,小林　祐三,栗原　勇蔵,中澤　佑二,ドゥトラ,富澤　清太郎,熊谷　アンドリュー,兵藤　慎剛,中村　俊輔,小野　裕二,齋藤　学
14230,2,1,晴,28.1,55%,佐藤　隆治,ＦＣ東京,権田　修一,徳永　悠平,森重　真人,高橋　秀人,椋原　健太,米本　拓司,長谷川　アーリアジャスール,石川　直宏,梶山　陽平,ルーカス,エジミウソン,ジュビロ磐田,八田　直樹,駒野　友一,宮崎　智彦,菅沼　駿哉,藤田　義明,ロドリゴ　ソウト,小林　裕紀,山田　大記,松浦　拓弥,菅沼　実,前田　遼一
14231,1,0,晴,25.4,64%,岡部　拓人,川崎フロンターレ,杉山　力裕,田中　裕介,實藤　友紀,ジェシ,山越　享太郎,風間　宏希,中村　憲剛,風間　宏矢,大島　僚太,山瀬　功治,楠神　順平,コンサドーレ札幌,髙原　寿康,ジェイド　ノース,宮澤　裕樹,金　載桓,岩沼　俊介,古田　寛幸,山本　真希,河合　竜二,岡本　賢明,ハモン,内村　圭宏
14253,1,2,晴,15.6,86%,飯田　淳平,サンフレッチェ広島,西川　周作,森脇　良太,千葉　和彦,水本　裕貴,ミキッチ,青山　敏弘,森﨑　和幸,清水　航平,森﨑　浩司,髙萩　洋次郎,佐藤　寿人,柏レイソル,菅野　孝憲,クォン　ハンジン,増嶋　竜也,那須　大亮,橋本　和,澤　昌克,茨田　陽生,大谷　秀和,ジョルジ　ワグネル,工藤　壮人,田中　順也
14258,1,1,晴,21.8,44%,家本　政明,ジュビロ磐田,八田　直樹,駒野　友一,山本　脩斗,菅沼　駿哉,チョ　ビョングク,ロドリゴ　ソウト,山田　大記,菅沼　実,藤田　義明,前田　遼一,ハン　サンウン,ベガルタ仙台,林　卓人,菅井　直樹,鎌田　次郎,上本　大海,朴　柱成,松下　年宏,富田　晋伍,太田　吉彰,梁　勇基,ウイルソン,赤嶺　真吾
14280,0,2,雨,18.1,98%,西村　雄一,ジュビロ磐田,八田　直樹,駒野　友一,山本　脩斗,チョ　ビョングク,藤田　義明,ロドリゴ　ソウト,小林　裕紀,山田　大記,山本　康裕,金園　英学,前田　遼一,名古屋グランパス,楢﨑　正剛,ダニエル,田中　マルクス闘莉王,増川　隆洋,田中　隼磨,田口　泰士,ダニルソン,藤本　淳吾,三都主　アレサンドロ,小川　佳純,玉田　圭司
14295,4,1,雨,5.3,52%,木村　博之,アルビレックス新潟,黒河　貴矢,坪内　秀介,鈴木　大輔,石川　直樹,金　珍洙,三門　雄大,本間　勲,藤田　征也,田中　亜土夢,アラン　ミネイロ,ブルーノ　ロペス,コンサドーレ札幌,髙原　寿康,櫛引　一紀,河合　竜二,奈良　竜樹,前　貴之,山本　真希,芳賀　博信,岩沼　俊介,古田　寛幸,岡本　賢明,内村　圭宏
14296,0,0,晴,11.3,31%,吉田　寿光,清水エスパルス,山本　海人,河井　陽介,平岡　康裕,カルフィン　ヨン　ア　ピン,李　記帝,村松　大輔,杉山　浩太,小林　大悟,大前　元紀,金　賢聖,高木　俊幸,大宮アルディージャ,北野　貴之,渡部　大輔,菊地　光将,河本　裕之,下平　匠,渡邉　大剛,青木　拓矢,金澤　慎,曺　永哲,東　慶悟,ノヴァコヴィッチ
14298,2,2,曇時々晴,8.9,48%,高山　啓義,セレッソ大阪,キム　ジンヒョン,茂庭　照幸,藤本　康太,丸橋　祐介,山下　達也,シンプリシオ,枝村　匠馬,横山　知伸,ヘベルチ,南野　拓実,杉本　健勇,川崎フロンターレ,西部　洋平,實藤　友紀,井川　祐輔,ジェシ,登里　享平,田中　裕介,風間　宏希,中村　憲剛,山瀬　功治,レナト,小林　悠
14307,2,0,曇,7.1,48%,今村　義朗,ジェフユナイテッド千葉,岡本　昌弘,武田　英二郎,竹内　彬,山口　智,坂本　將貴,伊藤　大介,佐藤　勇人,兵働　昭弘,佐藤　健太郎,深井　正樹,藤田　祥史,モンテディオ山形,清水　健太,小林　亮,西河　翔吾,前田　和哉,石川　竜也,北村　知隆,宮阪　政樹,船山　祐二,山﨑　雅人,萬代　宏樹,中島　裕希
14316,0,0,晴,8.9,44%,小川　直仁,ギラヴァンツ北九州,佐藤　優也,宮本　亨,登尾　顕徳,キローラン　木鈴,新井　涼平,関　光博,森村　昂太,木村　祐志,安田　晃大,端戸　仁,池元　友樹,ファジアーノ岡山,中林　洋次,一柳　夢吾,後藤　圭太,植田　龍仁朗,澤口　雅彦,関戸　健二,仙石　廉,服部　公太,桒田　慎一朗,金　民均,チアゴ
14318,1,3,曇,10.6,50%,吉田　寿光,東京ヴェルディ,柴崎　貴広,森　勇介,土屋　征夫,高橋　祥平,和田　拓也,小池　純輝,小林　祐希,中後　雅喜,西　紀寛,阿部　拓馬,ジョジマール,ヴァンフォーレ甲府,荻　晃太,福田　健介,山本　英臣,ドウグラス,佐々木　翔,柏　好文,保坂　一成,伊東　輝悦,堀米　勇輝,高崎　寛之,ダヴィ
14319,0,0,晴,10.1,54%,窪田　陽輔,横浜ＦＣ,関　憲太郎,杉山　新,渡邉　将基,ペ　スンジン,阿部　巧,ホベルト,八角　剛史,内田　智也,髙地　系治,難波　宏明,大久保　哲哉,愛媛ＦＣ,秋元　陽太,アライール,園田　拓也,浦田　延尚,内田　健太,村上　巧,トミッチ,大山　俊輔,前野　貴徳,小笠原　侑生,有田　光希
14322,3,2,雨,6.7,66%,松尾　一,モンテディオ山形,清水　健太,小林　亮,西河　翔吾,前田　和哉,石川　竜也,秋葉　勝,宮阪　政樹,船山　祐二,山﨑　雅人,萬代　宏樹,中島　裕希,大分トリニータ,清水　圭介,土岐田　洸平,阪田　章裕,作田　裕次,三平　和司,村井　慎二,宮沢　正史,石神　直哉,チェ　ジョンハン,森島　康仁,小手川　宏基
14328,1,4,雨,10.6,85%,岡部　拓人,カターレ富山,鶴田　達也,足助　翔,福田　俊介,池端　陽介,吉川　拓也,加藤　弘堅,大西　容平,西川　優大,明堂　和也,ソ　ヨンドク,黒部　光昭,東京ヴェルディ,柴崎　貴広,森　勇介,土屋　征夫,高橋　祥平,和田　拓也,西　紀寛,小林　祐希,梶川　諒太,飯尾　一慶,阿部　拓馬,ジョジマール
14331,3,0,雨,8.8,88%,福島　孝一郎,ジェフユナイテッド千葉,岡本　昌弘,渡邊　圭二,竹内　彬,山口　智,大岩　一貴,田中　佑昌,佐藤　勇人,兵働　昭弘,佐藤　健太郎,深井　正樹,藤田　祥史,横浜ＦＣ,関　憲太郎,杉山　新,渡邉　将基,堀之内　聖,阿部　巧,八角　剛史,佐藤　謙介,内田　智也,髙地　系治,難波　宏明,田原　豊
14338,2,1,晴,10.4,47%,大西　弘幸,湘南ベルマーレ,阿部　伸行,鎌田　翔雅,遠藤　航,大野　和成,古林　将太,ハン　グギョン,永木　亮太,高山　薫,菊池　大介,馬場　賢治,岩上　祐三,ＦＣ岐阜,多田　大介,野垣内　俊,池田　昇平,金　東權,尾泉　大樹,廣田　隆治,金　正賢,服部　年宏,井上　平,樋口　寛規,佐藤　洸一
14343,2,1,曇時々雨,6.1,80%,池内　明彦,ガイナーレ鳥取,小針　清允,三浦　修,柳楽　智和,戸川　健太,加藤　秀典,奥山　泰裕,三浦　旭人,実信　憲明,森　英次郎,美尾　敦,福井　理人,京都サンガF.C.,水谷　雄一,安藤　淳,秋本　倫孝,染谷　悠太,黄　大城,チョン　ウヨン,中村　充孝,工藤　浩平,中山　博貴,宮吉　拓実,久保　裕也
14358,3,2,晴,18.5,31%,今村　義朗,京都サンガF.C.,水谷　雄一,安藤　淳,染谷　悠太,福村　貴幸,黄　大城,チョン　ウヨン,中村　充孝,工藤　浩平,中山　博貴,宮吉　拓実,長沢　駿,アビスパ福岡,神山　竜一,和田　拓三,堤　俊輔,小原　章吾,キム　ミンジェ,岡田　隆,末吉　隼也,城後　寿,成岡　翔,高橋　泰,坂田　大輔
14362,1,2,晴,14.0,35%,野田　祐樹,ＦＣ町田ゼルビア,相澤　貴志,三鬼　海,太田　康介,津田　和樹,藤田　泰成,柳崎　祥兵,下田　光平,庄司　悦大,鈴木　崇文,勝又　慶典,平本　一樹,東京ヴェルディ,柴崎　貴広,高橋　祥平,土屋　征夫,深津　康太,和田　拓也,小池　純輝,小林　祐希,梶川　諒太,西　紀寛,飯尾　一慶,阿部　拓馬
14370,4,2,晴,17.5,26%,松尾　一,愛媛ＦＣ,秋元　陽太,アライール,浦田　延尚,園田　拓也,内田　健太,トミッチ,村上　巧,赤井　秀一,前野　貴徳,大山　俊輔,有田　光希,アビスパ福岡,神山　竜一,オ　チャンヒョン,畑本　時央,小原　章吾,キム　ミンジェ,末吉　隼也,宮路　洋輔,城後　寿,成岡　翔,坂田　大輔,サミル
14371,1,0,晴,21.6,21%,大西　弘幸,ギラヴァンツ北九州,佐藤　優也,関　光博,宮本　亨,小森田　友明,冨士　祐樹,新井　涼平,木村　祐志,竹内　涼,安田　晃大,池元　友樹,渡　大生,ガイナーレ鳥取,小針　清允,三浦　修,戸川　健太,水本　勝成,加藤　秀典,奥山　泰裕,熊澤　圭祐,小井手　翔太,実信　憲明,美尾　敦,福井　理人
14410,2,1,曇,22.7,71%,飯田　淳平,水戸ホーリーホック,本間　幸司,市川　大祐,加藤　広樹,塩谷　司,輪湖　直樹,西岡　謙太,ロメロ　フランク,小澤　司,島田　祐輝,橋本　晃司,鈴木　隆行,徳島ヴォルティス,オ　スンフン,西嶋　弘之,大久保　裕樹,三木　隆司,那須川　将大,花井　聖,斉藤　大介,衛藤　裕,鈴木　達也,キム　ジョンミン,ジオゴ
14416,1,2,雨,16.5,93%,山内　宏志,ギラヴァンツ北九州,佐藤　優也,関　光博,宮本　亨,登尾　顕徳,冨士　祐樹,新井　涼平,木村　祐志,竹内　涼,端戸　仁,渡　大生,池元　友樹,ジェフユナイテッド千葉,岡本　昌弘,武田　英二郎,竹内　彬,山口　智,大岩　一貴,兵働　昭弘,伊藤　大介,マーク　ミリガン,田中　佑昌,大塚　翔平,藤田　祥史
14418,1,0,曇,23.8,47%,岡部　拓人,カターレ富山,飯田　健巳,平出　涼,福田　俊介,池端　陽介,松原　優吉,吉川　拓也,大西　容平,ソ　ヨンドク,加藤　弘堅,西川　優大,苔口　卓也,ＦＣ岐阜,多田　大介,野田　明弘,田中　秀人,関田　寛士,村上　一樹,廣田　隆治,服部　年宏,李　漢宰,染矢　一樹,井上　平,佐藤　洸一
14438,0,1,晴,22.8,39%,池内　明彦,ファジアーノ岡山,中林　洋次,後藤　圭太,竹田　忠嗣,植田　龍仁朗,澤口　雅彦,千明　聖典,仙石　廉,服部　公太,桒田　慎一朗,金　民均,川又　堅碁,ＦＣ岐阜,多田　大介,野田　明弘,田中　秀人,関田　寛士,村上　一樹,井上　平,李　漢宰,服部　年宏,染矢　一樹,樋口　寛規,佐藤　洸一
14447,3,0,晴,19.7,26%,前田　拓哉,横浜ＦＣ,シュナイダー　潤之介,ペ　スンジン,堀之内　聖,森本　良,阿部　巧,八角　剛史,中里　崇宏,武岡　優斗,髙地　系治,田原　豊,大久保　哲哉,カターレ富山,飯田　健巳,西野　誠,足助　翔,池端　陽介,松原　優吉,吉川　拓也,加藤　弘堅,大西　容平,ソ　ヨンドク,苔口　卓也,黒部　光昭
14451,2,1,晴,18.9,44%,三上　正一郎,ガイナーレ鳥取,小針　清允,尾崎　瑛一郎,戸川　健太,水本　勝成,奥山　泰裕,森　英次郎,加藤　秀典,美尾　敦,小井手　翔太,岡野　雅行,鶴見　聡貴,水戸ホーリーホック,本間　幸司,市川　大祐,尾本　敬,塩谷　司,岡田　佑樹,ロメロ　フランク,西岡　謙太,小澤　司,島田　祐輝,岡本　達也,鈴木　隆行
14477,3,1,曇,23.4,47%,今村　義朗,水戸ホーリーホック,本間　幸司,市川　大祐,塩谷　司,キム　ヨンギ,輪湖　直樹,西岡　謙太,ロメロ　フランク,小澤　司,島田　祐輝,橋本　晃司,鈴木　隆行,栃木ＳＣ,柴崎　邦博,荒堀　謙次,チャ　ヨンファン,柳川　雅樹,菅　和範,高木　和正,パウリーニョ,小野寺　達也,菊岡　拓朗,廣瀬　浩二,サビア
14481,1,0,晴時々曇,25.7,43%,廣瀬　格,ザスパ草津,北　一真,小柳　達司,中村　英之,御厨　貴文,永田　拓也,遠藤　敬佑,松下　裕樹,熊林　親吾,林　勇介,小林　竜樹,金　成勇,アビスパ福岡,神山　竜一,堤　俊輔,古賀　正紘,畑本　時央,尾亦　弘友希,末吉　隼也,鈴木　惇,木原　正和,成岡　翔,城後　寿,坂田　大輔
14486,3,1,曇,22.6,63%,岡部　拓人,東京ヴェルディ,柴崎　貴広,森　勇介,土屋　征夫,深津　康太,高橋　祥平,西　紀寛,梶川　諒太,和田　拓也,飯尾　一慶,杉本　健勇,阿部　拓馬,大分トリニータ,清水　圭介,イ　ドンミョン,阪田　章裕,石神　直哉,三平　和司,為田　大貴,宮沢　正史,チェ　ジョンハン,村井　慎二,西　弘則,森島　康仁
14487,2,1,曇,22.6,70%,長谷　拓,ロアッソ熊本,南　雄太,筑城　和人,吉井　孝輔,廣井　友信,藏川　洋平,養父　雄仁,原田　拓,片山　奨典,西森　正明,武富　孝介,高橋　祐太郎,水戸ホーリーホック,本間　幸司,市川　大祐,キム　ヨンギ,塩谷　司,岡田　佑樹,村田　翔,西岡　謙太,小澤　司,島田　祐輝,橋本　晃司,鈴木　隆行
14511,0,0,晴,25.6,73%,三上　正一郎,ＦＣ町田ゼルビア,修行　智仁,三鬼　海,太田　康介,加藤　恒平,藤田　泰成,庄司　悦大,コリン　マーシャル,北井　佑季,鈴木　崇文,ドラガン　ディミッチ,平本　一樹,モンテディオ山形,清水　健太,小林　亮,西河　翔吾,石井　秀典,石川　竜也,秋葉　勝,前田　和哉,船山　祐二,山﨑　雅人,萬代　宏樹,中島　裕希
14518,0,1,曇時々晴,25.1,67%,松村　和彦,京都サンガF.C.,水谷　雄一,安藤　淳,秋本　倫孝,バヤリッツァ,福村　貴幸,内藤　洋平,中山　博貴,工藤　浩平,中村　充孝,原　一樹,長沢　駿,ザスパ草津,北　一真,小柳　達司,中村　英之,御厨　貴文,永田　拓也,遠藤　敬佑,松下　裕樹,熊林　親吾,林　勇介,小林　竜樹,金　成勇
14525,1,1,曇時々雨,23.6,75%,山本　雄大,ファジアーノ岡山,中林　洋次,後藤　圭太,竹田　忠嗣,植田　龍仁朗,千明　聖典,仙石　廉,澤口　雅彦,田所　諒,関戸　健二,金　民均,川又　堅碁,ヴァンフォーレ甲府,荻　晃太,福田　健介,津田　琢磨,冨田　大介,佐々木　翔,伊東　輝悦,山本　英臣,崔　誠根,柏　好文,レナト,ダヴィ
14537,1,1,屋内,24.6,88%,吉田　哲朗,大分トリニータ,清水　圭介,土岐田　洸平,阪田　章裕,安川　有,三平　和司,為田　大貴,宮沢　正史,石神　直哉,西　弘則,村井　慎二,森島　康仁,カターレ富山,守田　達弥,足助　翔,福田　俊介,池端　陽介,平出　涼,吉川　健太,大西　容平,木村　勝太,山瀬　幸宏,ソ　ヨンドク,木本　敬介
14544,0,2,曇,22.8,77%,窪田　陽輔,ガイナーレ鳥取,井上　敦史,尾崎　瑛一郎,戸川　健太,水本　勝成,森　英次郎,加藤　秀典,小井手　翔太,熊澤　圭祐,奥山　泰裕,住田　貴彦,美尾　敦,栃木ＳＣ,武田　博行,赤井　秀行,宇佐美　宏和,當間　建文,菅　和範,高木　和正,小野寺　達也,本橋　卓巳,菊岡　拓朗,廣瀬　浩二,サビア
14547,1,3,晴,23.9,67%,扇谷　健司,アビスパ福岡,神山　竜一,和田　拓三,堤　俊輔,小原　章吾,キム　ミンジェ,鈴木　惇,岡田　隆,城後　寿,成岡　翔,坂田　大輔,高橋　泰,徳島ヴォルティス,オ　スンフン,西嶋　弘之,橋内　優也,斉藤　大介,那須川　将大,青山　隼,上里　一将,宮崎　光平,衛藤　裕,ドウグラス,ジオゴ
14554,1,0,晴,28.5,71%,塚田　智宏,東京ヴェルディ,土肥　洋一,森　勇介,高橋　祥平,深津　康太,中谷　勇介,西　紀寛,梶川　諒太,和田　拓也,飯尾　一慶,杉本　健勇,阿部　拓馬,ガイナーレ鳥取,井上　敦史,三浦　修,柳楽　智和,戸川　健太,森　英次郎,奥山　泰裕,三浦　旭人,美尾　敦,鶴見　聡貴,小井手　翔太,福井　理人
14561,0,0,晴,28.2,81%,家本　政明,ファジアーノ岡山,中林　洋次,一柳　夢吾,後藤　圭太,植田　龍仁朗,千明　聖典,仙石　廉,澤口　雅彦,田所　諒,川又　堅碁,チアゴ,桒田　慎一朗,徳島ヴォルティス,オ　スンフン,西嶋　弘之,橋内　優也,斉藤　大介,那須川　将大,青山　隼,上里　一将,衛藤　裕,鈴木　達也,ドウグラス,ジオゴ
14566,3,1,曇,22.4,73%,森川　浩次,横浜ＦＣ,シュナイダー　潤之介,杉山　新,ペ　スンジン,堀之内　聖,阿部　巧,八角　剛史,髙地　系治,中里　崇宏,野崎　陽介,カイオ,大久保　哲哉,ガイナーレ鳥取,井上　敦史,尾崎　瑛一郎,柳楽　智和,戸川　健太,藤本　修司,森　英次郎,三浦　旭人,美尾　敦,鶴見　聡貴,小井手　翔太,久保　裕一
14577,3,1,晴,29.6,68%,ダーレン　デッドマン,ヴァンフォーレ甲府,荻　晃太,福田　健介,津田　琢磨,盛田　剛平,佐々木　翔,山本　英臣,柏　好文,保坂　一成,井澤　惇,永里　源気,ダヴィ,東京ヴェルディ,土肥　洋一,森　勇介,高橋　祥平,深津　康太,中谷　勇介,田中　貴大,西　紀寛,和田　拓也,飯尾　一慶,巻　誠一郎,阿部　拓馬
14603,1,1,晴,27.9,72%,塚田　智宏,ザスパ草津,北　一真,星野　悟,中村　英之,御厨　貴文,永田　拓也,小林　竜樹,松下　裕樹,熊林　親吾,櫻田　和樹,アレックス　ラファエル,土井　良太,ＦＣ岐阜,時久　省吾,田中　秀人,新井　辰也,関田　寛士,野垣内　俊,李　漢宰,服部　年宏,井上　平,ダニロ,染矢　一樹,アブダ
14614,1,2,晴,27.7,70%,榎本　一慶,ＦＣ岐阜,時久　省吾,野垣内　俊,田中　秀人,関田　寛士,村上　一樹,地主園　秀美,李　漢宰,服部　年宏,井上　平,樋口　寛規,佐藤　洸一,ファジアーノ岡山,中林　洋次,後藤　圭太,竹田　忠嗣,植田　龍仁朗,千明　聖典,仙石　廉,澤口　雅彦,田所　諒,金　民均,石原　崇兆,川又　堅碁
14640,1,0,晴,29.1,60%,河合　英治,ザスパ草津,北　一真,小柳　達司,中村　英之,御厨　貴文,永田　拓也,小林　竜樹,松下　裕樹,熊林　親吾,櫻田　和樹,遠藤　敬佑,金　成勇,京都サンガF.C.,水谷　雄一,安藤　淳,染谷　悠太,バヤリッツァ,福村　貴幸,倉貫　一毅,中山　博貴,工藤　浩平,駒井　善成,中村　充孝,宮吉　拓実
14658,2,0,曇,27.6,64%,東城　穣,カターレ富山,守田　達弥,足助　翔,吉井　直人,池端　陽介,森　泰次郎,大西　容平,國吉　貴博,苔口　卓也,朝日　大輔,木村　勝太,黒部　光昭,ジェフユナイテッド千葉,櫛野　亮,坂本　將貴,竹内　彬,大岩　一貴,高橋　峻希,兵働　昭弘,佐藤　健太郎,谷澤　達也,田中　佑昌,リカルド　ロボ,荒田　智之
14675,2,2,雨,19.7,87%,中村　太,ジェフユナイテッド千葉,岡本　昌弘,坂本　將貴,山口　智,竹内　彬,高橋　峻希,佐藤　勇人,兵働　昭弘,田中　佑昌,谷澤　達也,深井　正樹,荒田　智之,東京ヴェルディ,土肥　洋一,森　勇介,土屋　征夫,高橋　祥平,和田　拓也,西　紀寛,梶川　諒太,中後　雅喜,飯尾　一慶,阿部　拓馬,アレックス
14678,7,1,雨のち曇,16.6,87%,三上　正一郎,松本山雅ＦＣ,白井　裕人,多々良　敦斗,飯田　真輝,飯尾　和也,鐡戸　裕史,ユン　ソンヨル,喜山　康平,藤川　祐司,楠瀬　章仁,船山　貴之,塩沢　勝吾,ガイナーレ鳥取,小針　清允,三浦　修,内間　安路,戸川　健太,森　英次郎,吉野　智行,三浦　旭人,美尾　敦,奥山　泰裕,久保　裕一,住田　貴彦
14688,1,3,晴のち曇,26.6,68%,岡　宏道,ＦＣ町田ゼルビア,修行　智仁,三鬼　海,イ　ガンジン,田代　真一,津田　和樹,太田　康介,加藤　恒平,幸野　志有人,鈴木　崇文,ドラガン　ディミッチ,北井　佑季,大分トリニータ,清水　圭介,松原　健,阪田　章裕,石神　直哉,三平　和司,為田　大貴,丸谷　拓也,村井　慎二,チェ　ジョンハン,木島　悠,森島　康仁
14692,1,1,曇時々雨,21.5,76%,吉田　哲朗,アビスパ福岡,河田　晃兵,小原　章吾,山口　和樹,古賀　正紘,キム　ミンジェ,末吉　隼也,鈴木　惇,城後　寿,成岡　翔,高橋　泰,坂田　大輔,横浜ＦＣ,シュナイダー　潤之介,杉山　新,ペ　スンジン,森本　良,阿部　巧,寺田　紳一,中里　崇宏,武岡　優斗,野崎　陽介,カイオ,大久保　哲哉
14701,1,1,晴,20.9,50%,村上　伸次,東京ヴェルディ,土肥　洋一,森　勇介,土屋　征夫,高橋　祥平,和田　拓也,西　紀寛,中後　雅喜,梶川　諒太,中島　翔哉,飯尾　一慶,アレックス,ＦＣ町田ゼルビア,修行　智仁,三鬼　海,イ　ガンジン,田代　真一,藤田　泰成,加藤　恒平,下田　光平,鈴木　崇文,幸野　志有人,ドラガン　ディミッチ,北井　佑季
14705,0,1,晴,24.2,59%,小川　直仁,ギラヴァンツ北九州,佐藤　優也,川鍋　良祐,金　鐘必,キローラン　木鈴,関　光博,新井　涼平,木村　祐志,鈴木　慎吾,安田　晃大,端戸　仁,常盤　聡,松本山雅ＦＣ,白井　裕人,多々良　敦斗,飯田　真輝,飯尾　和也,鐡戸　裕史,喜山　康平,ユン　ソンヨル,玉林　睦実,楠瀬　章仁,船山　貴之,塩沢　勝吾
14711,1,1,曇,17.6,56%,池内　明彦,松本山雅ＦＣ,白井　裕人,多々良　敦斗,飯田　真輝,飯尾　和也,鐡戸　裕史,ユン　ソンヨル,喜山　康平,玉林　睦実,楠瀬　章仁,船山　貴之,塩沢　勝吾,徳島ヴォルティス,オ　スンフン,太田　圭輔,橋内　優也,福元　洋平,那須川　将大,濱田　武,上里　一将,衛藤　裕,アレックス,津田　知宏,ドウグラス
14712,0,0,曇,20.1,58%,松尾　一,ＦＣ岐阜,時久　省吾,野垣内　俊,田中　秀人,関田　寛士,尾泉　大樹,服部　年宏,李　漢宰,染矢　一樹,樋口　寛規,井上　平,佐藤　洸一,モンテディオ山形,清水　健太,宮本　卓也,前田　和哉,岡根　直哉,石川　竜也,永田　亮太,宮阪　政樹,秋葉　勝,山﨑　雅人,中島　裕希,林　陵平
14720,4,1,晴,21.8,36%,松尾　一,東京ヴェルディ,土肥　洋一,森　勇介,土屋　征夫,深津　康太,高橋　祥平,西　紀寛,柴崎　晃誠,和田　拓也,梶川　諒太,中島　翔哉,阿部　拓馬,栃木ＳＣ,武田　博行,山形　辰徳,大和田　真史,當間　建文,菅　和範,高木　和正,西澤　代志也,チャ　ヨンファン,菊岡　拓朗,サビア,廣瀬　浩二
14724,3,1,晴,26.3,36%,佐藤　隆治,京都サンガF.C.,水谷　雄一,安藤　淳,染谷　悠太,バヤリッツァ,黄　大城,チョン　ウヨン,福村　貴幸,工藤　浩平,中村　充孝,中山　博貴,駒井　善成,ＦＣ岐阜,時久　省吾,野垣内　俊,田中　秀人,関田　寛士,尾泉　大樹,李　漢宰,服部　年宏,井上　平,樋口　寛規,染矢　一樹,佐藤　洸一
14733,3,0,雨,14.1,95%,池内　明彦,横浜ＦＣ,シュナイダー　潤之介,井手口　正昭,渡邉　将基,堀之内　聖,阿部　巧,寺田　紳一,髙地　系治,武岡　優斗,野崎　陽介,カイオ,大久保　哲哉,ザスパ草津,北　一真,小柳　達司,乾　大知,御厨　貴文,永田　拓也,小林　竜樹,松下　裕樹,櫻田　和樹,横山　翔平,アレックス　ラファエル,金　成勇
14734,0,2,雨,16.8,85%,福島　孝一郎,カターレ富山,守田　達弥,足助　翔,福田　俊介,吉井　直人,森　泰次郎,國吉　貴博,西野　誠,苔口　卓也,朝日　大輔,木村　勝太,黒部　光昭,湘南ベルマーレ,阿部　伸行,鎌田　翔雅,大野　和成,島村　毅,古林　将太,ハン　グギョン,永木　亮太,高山　薫,菊池　大介,大槻　周平,岩上　祐三
14743,1,0,晴,14.1,65%,松尾　一,湘南ベルマーレ,阿部　伸行,鎌田　翔雅,大野　和成,島村　毅,古林　将太,ハン　グギョン,永木　亮太,高山　薫,菊池　大介,大槻　周平,岩上　祐三,ガイナーレ鳥取,小針　清允,尾崎　瑛一郎,柳楽　智和,加藤　秀典,森　英次郎,鶴見　聡貴,実信　憲明,小井手　翔太,美尾　敦,住田　貴彦,福井　理人
14750,3,0,曇,17.7,57%,岡部　拓人,大分トリニータ,丹野　研太,若狭　大志,阪田　章裕,安川　有,三平　和司,丸谷　拓也,宮沢　正史,永芳　卓磨,チェ　ジョンハン,森島　康仁,木島　悠,モンテディオ山形,清水　健太,宮本　卓也,西河　翔吾,前田　和哉,石川　竜也,中島　裕希,宮阪　政樹,秋葉　勝,比嘉　厚平,山﨑　雅人,萬代　宏樹
14753,0,1,曇,13.0,60%,吉田　哲朗,ザスパ草津,北　一真,有薗　真吾,乾　大知,御厨　貴文,永田　拓也,小林　竜樹,松下　裕樹,櫻田　和樹,横山　翔平,アレックス　ラファエル,金　成勇,東京ヴェルディ,柴崎　貴広,刀根　亮輔,深津　康太,ペ　デウォン,高橋　祥平,前田　直輝,和田　拓也,中後　雅喜,梶川　諒太,中島　翔哉,阿部　拓馬
14755,3,2,曇,14.0,52%,野田　祐樹,横浜ＦＣ,シュナイダー　潤之介,井手口　正昭,堀之内　聖,森本　良,阿部　巧,寺田　紳一,髙地　系治,武岡　優斗,野崎　陽介,カイオ,大久保　哲哉,ＦＣ岐阜,時久　省吾,森安　洋文,田中　秀人,関田　寛士,村上　一樹,山﨑　正登,李　漢宰,服部　年宏,染矢　一樹,樋口　寛規,佐藤　洸一
14758,0,0,雨,15.9,86%,高山　啓義,京都サンガF.C.,水谷　雄一,安藤　淳,染谷　悠太,バヤリッツァ,福村　貴幸,チョン　ウヨン,中山　博貴,工藤　浩平,中村　充孝,内藤　洋平,駒井　善成,ヴァンフォーレ甲府,荻　晃太,福田　健介,津田　琢磨,盛田　剛平,佐々木　翔,柏　好文,伊東　輝悦,山本　英臣,井澤　惇,永里　源気,フェルナンジーニョ
14760,0,3,雨,17.0,81%,佐藤　隆治,徳島ヴォルティス,オ　スンフン,橋内　優也,三木　隆司,西嶋　弘之,濱田　武,青山　隼,太田　圭輔,鈴木　達也,アレックス,キム　ジョンミン,津田　知宏,ジェフユナイテッド千葉,岡本　昌弘,高橋　峻希,竹内　彬,山口　智,渡邊　圭二,佐藤　勇人,佐藤　健太郎,米倉　恒貴,谷澤　達也,兵働　昭弘,藤田　祥史
14839,1,0,曇時々晴,6.6,43%,東城　穣,セレッソ大阪,キム　ジンヒョン,茂庭　照幸,藤本　康太,丸橋　祐介,酒本　憲幸,山口　螢,南野　拓実,横山　知伸,シンプリシオ,柿谷　曜一朗,エジノ,アルビレックス新潟,黒河　貴矢,藤田　征也,大井　健太郎,金　根煥,金　珍洙,三門　雄大,レオ　シルバ,成岡　翔,田中　亜土夢,田中　達也,ブルーノ　ロペス
14841,1,1,晴,13.6,27%,木村　博之,サガン鳥栖,赤星　拓,丹羽　竜平,呂　成海,小林　久晃,金　民友,水沼　宏太,高橋　義希,藤田　直之,早坂　良太,池田　圭,豊田　陽平,鹿島アントラーズ,曽ヶ端　準,西　大伍,岩政　大樹,青木　剛,中田　浩二,柴崎　岳,小笠原　満男,野沢　拓也,ジュニーニョ,ダヴィ,大迫　勇也
14845,1,2,晴,9.6,36%,村上　伸次,アルビレックス新潟,黒河　貴矢,藤田　征也,金　根煥,大井　健太郎,金　珍洙,三門　雄大,レオ　シルバ,成岡　翔,田中　亜土夢,田中　達也,ブルーノ　ロペス,サンフレッチェ広島,西川　周作,塩谷　司,千葉　和彦,水本　裕貴,山岸　智,森﨑　和幸,青山　敏弘,清水　航平,森﨑　浩司,石原　直樹,佐藤　寿人
14847,3,0,晴,22.1,22%,吉田　寿光,ＦＣ東京,権田　修一,徳永　悠平,森重　真人,チャン　ヒョンス,太田　宏介,高橋　秀人,米本　拓司,ルーカス,東　慶悟,長谷川　アーリアジャスール,渡邉　千真,柏レイソル,菅野　孝憲,キム　チャンス,鈴木　大輔,近藤　直也,増嶋　竜也,レアンドロ　ドミンゲス,大谷　秀和,茨田　陽生,狩野　健太,工藤　壮人,クレオ
14850,1,1,晴,21.4,24%,松尾　一,川崎フロンターレ,西部　洋平,實藤　友紀,中澤　聡太,井川　祐輔,登里　享平,田中　裕介,稲本　潤一,中村　憲剛,レナト,小林　悠,大久保　嘉人,大分トリニータ,丹野　研太,阪田　章裕,高木　和道,若狭　大志,チェ　ジョンハン,木村　祐志,宮沢　正史,丸谷　拓也,安川　有,西　弘則,高松　大樹
14856,5,4,晴,19.0,35%,飯田　淳平,サガン鳥栖,赤星　拓,丹羽　竜平,小林　久晃,坂井　達弥,呂　成海,水沼　宏太,高橋　義希,藤田　直之,金　民友,池田　圭,豊田　陽平,川崎フロンターレ,西部　洋平,實藤　友紀,中澤　聡太,伊藤　宏樹,登里　享平,田中　裕介,稲本　潤一,中村　憲剛,小林　悠,レナト,大久保　嘉人
14861,0,1,晴,14.6,12%,前田　拓哉,ヴァンフォーレ甲府,荻　晃太,福田　健介,土屋　征夫,盛田　剛平,松橋　優,柏　好文,井澤　惇,佐々木　翔,羽生　直剛,金子　昌広,ウーゴ,名古屋グランパス,楢﨑　正剛,田中　隼磨,ダニエル,本多　勇喜,阿部　翔平,藤本　淳吾,田口　泰士,ヤキモフスキー,小川　佳純,田中　マルクス闘莉王,玉田　圭司
14864,1,1,晴,16.1,26%,山本　雄大,セレッソ大阪,キム　ジンヒョン,茂庭　照幸,新井場　徹,丸橋　祐介,山下　達也,扇原　貴宏,山口　螢,南野　拓実,シンプリシオ,柿谷　曜一朗,エジノ,ベガルタ仙台,林　卓人,菅井　直樹,渡辺　広大,石川　直樹,田村　直也,松下　年宏,鎌田　次郎,佐々木　勇人,梁　勇基,ウイルソン,太田　吉彰
14865,3,3,晴,15.8,67%,佐藤　隆治,ジュビロ磐田,川口　能活,菅沼　駿哉,チョ　ビョングク,藤田　義明,チョン　ウヨン,山本　脩斗,松浦　拓弥,山田　大記,山本　康裕,金園　英学,前田　遼一,サガン鳥栖,赤星　拓,丹羽　竜平,小林　久晃,金　正也,呂　成海,水沼　宏太,高橋　義希,藤田　直之,金　民友,池田　圭,豊田　陽平
14866,3,1,曇,9.6,64%,東城　穣,大宮アルディージャ,北野　貴之,渡部　大輔,菊地　光将,高橋　祥平,下平　匠,渡邉　大剛,青木　拓矢,金澤　慎,曺　永哲,長谷川　悠,ノヴァコヴィッチ,鹿島アントラーズ,曽ヶ端　準,西　大伍,岩政　大樹,青木　剛,中田　浩二,小笠原　満男,柴崎　岳,遠藤　康,ジュニーニョ,野沢　拓也,ダヴィ
14873,0,1,曇のち雨,18.0,58%,前田　拓哉,ＦＣ東京,権田　修一,徳永　悠平,森重　真人,加賀　健一,太田　宏介,高橋　秀人,長谷川　アーリアジャスール,東　慶悟,李　忠成,ルーカス,渡邉　千真,大宮アルディージャ,北野　貴之,渡部　大輔,菊地　光将,高橋　祥平,下平　匠,渡邉　大剛,青木　拓矢,金澤　慎,曺　永哲,富山　貴光,ズラタン
14882,2,1,晴,11.7,41%,東城　穣,ベガルタ仙台,林　卓人,菅井　直樹,鎌田　次郎,石川　直樹,和田　拓也,富田　晋伍,角田　誠,太田　吉彰,梁　勇基,柳沢　敦,ウイルソン,ＦＣ東京,権田　修一,徳永　悠平,森重　真人,加賀　健一,太田　宏介,高橋　秀人,米本　拓司,ルーカス,東　慶悟,長谷川　アーリアジャスール,渡邉　千真
14898,1,0,雨,6.6,56%,今村　義朗,アルビレックス新潟,黒河　貴矢,藤田　征也,大井　健太郎,金　根煥,金　珍洙,三門　雄大,レオ　シルバ,成岡　翔,田中　亜土夢,田中　達也,ブルーノ　ロペス,横浜Ｆ・マリノス,榎本　哲也,小林　祐三,栗原　勇蔵,中澤　佑二,ドゥトラ,中町　公祐,小椋　祥平,兵藤　慎剛,中村　俊輔,齋藤　学,マルキーニョス
14907,1,1,晴,14.5,32%,西村　雄一,ベガルタ仙台,林　卓人,菅井　直樹,渡辺　広大,鎌田　次郎,田村　直也,富田　晋伍,角田　誠,太田　吉彰,梁　勇基,赤嶺　真吾,ウイルソン,サガン鳥栖,赤星　拓,丹羽　竜平,呂　成海,坂井　達弥,金　民友,岡田　翔平,末吉　隼也,藤田　直之,野田　隆之介,池田　圭,豊田　陽平
14923,2,4,晴,22.6,29%,村上　伸次,大分トリニータ,清水　圭介,深谷　友基,高木　和道,児玉　新,辻尾　真二,丸谷　拓也,村井　慎二,チェ　ジョンハン,高松　大樹,小松　塁,森島　康仁,サガン鳥栖,奥田　達朗,金井　貢史,金　正也,呂　成海,金　民友,水沼　宏太,高橋　義希,藤田　直之,野田　隆之介,早坂　良太,豊田　陽平
14933,0,2,雨,16.2,83%,廣瀬　格,ヴァンフォーレ甲府,河田　晃兵,福田　健介,青山　直晃,土屋　征夫,松橋　優,柏　好文,山本　英臣,佐々木　翔,羽生　直剛,オルティゴサ,ウーゴ,清水エスパルス,林　彰洋,吉田　豊,平岡　康裕,イ　キジェ,村松　大輔,杉山　浩太,竹内　涼,河井　陽介,バレー,石毛　秀樹,高木　俊幸
14934,3,1,雨,17.1,89%,佐藤　隆治,浦和レッズ,加藤　順大,森脇　良太,那須　大亮,槙野　智章,平川　忠亮,阿部　勇樹,鈴木　啓太,宇賀神　友弥,柏木　陽介,原口　元気,興梠　慎三,鹿島アントラーズ,曽ヶ端　準,西　大伍,岩政　大樹,青木　剛,中田　浩二,柴崎　岳,小笠原　満男,ジュニーニョ,野沢　拓也,大迫　勇也,ダヴィ
14935,3,1,晴,22.9,36%,家本　政明,鹿島アントラーズ,曽ヶ端　準,西　大伍,岩政　大樹,青木　剛,中田　浩二,柴崎　岳,小笠原　満男,遠藤　康,野沢　拓也,本山　雅志,大迫　勇也,名古屋グランパス,楢﨑　正剛,田中　隼磨,田中　マルクス闘莉王,増川　隆洋,阿部　翔平,小川　佳純,田口　泰士,ダニルソン,藤本　淳吾,玉田　圭司,ケネディ
14943,2,0,晴,16.6,56%,村上　伸次,ＦＣ東京,権田　修一,徳永　悠平,森重　真人,チャン　ヒョンス,太田　宏介,高橋　秀人,米本　拓司,ルーカス,李　忠成,東　慶悟,渡邉　千真,清水エスパルス,林　彰洋,吉田　豊,平岡　康裕,村松　大輔,イ　キジェ,杉山　浩太,竹内　涼,河井　陽介,石毛　秀樹,バレー,伊藤　翔
14969,0,1,晴,27.9,68%,福島　孝一郎,大分トリニータ,丹野　研太,高木　和道,阪田　章裕,安川　有,為田　大貴,木村　祐志,ロドリゴ　マンシャ,チェ　ジョンハン,松田　力,西　弘則,高松　大樹,ベガルタ仙台,林　卓人,菅井　直樹,鎌田　次郎,石川　直樹,蜂須賀　孝治,富田　晋伍,角田　誠,太田　吉彰,梁　勇基,赤嶺　真吾,ウイルソン
14979,1,0,曇のち晴,25.1,93%,吉田　寿光,サンフレッチェ広島,西川　周作,塩谷　司,千葉　和彦,水本　裕貴,ミキッチ,青山　敏弘,森﨑　和幸,山岸　智,石原　直樹,髙萩　洋次郎,佐藤　寿人,セレッソ大阪,キム　ジンヒョン,藤本　康太,丸橋　祐介,酒本　憲幸,山下　達也,扇原　貴宏,山口　螢,南野　拓実,シンプリシオ,柿谷　曜一朗,エジノ
14987,1,2,晴,28.4,71%,村上　伸次,大分トリニータ,丹野　研太,高木　和道,若狭　大志,安川　有,為田　大貴,ロドリゴ　マンシャ,宮沢　正史,永芳　卓磨,西　弘則,高松　大樹,松田　力,名古屋グランパス,楢﨑　正剛,田中　隼磨,田中　マルクス闘莉王,増川　隆洋,阿部　翔平,藤本　淳吾,中村　直志,ダニルソン,小川　佳純,玉田　圭司,ケネディ
15002,2,0,晴,25.4,81%,高山　啓義,ＦＣ東京,権田　修一,徳永　悠平,森重　真人,チャン　ヒョンス,太田　宏介,高橋　秀人,米本　拓司,長谷川　アーリアジャスール,東　慶悟,ルーカス,渡邉　千真,大分トリニータ,丹野　研太,土岐田　洸平,阪田　章裕,キム　ジョンヒョン,為田　大貴,ロドリゴ　マンシャ,宮沢　正史,チェ　ジョンハン,丸谷　拓也,松田　力,高松　大樹
15005,2,3,晴,26.5,81%,佐藤　隆治,ジュビロ磐田,川口　能活,駒野　友一,チョ　ビョングク,伊野波　雅彦,宮崎　智彦,ペク　ソンドン,小林　裕紀,藤田　義明,山田　大記,松浦　拓弥,前田　遼一,名古屋グランパス,楢﨑　正剛,田中　隼磨,田中　マルクス闘莉王,増川　隆洋,阿部　翔平,藤本　淳吾,中村　直志,ダニルソン,小川　佳純,玉田　圭司,ケネディ
15010,0,3,晴,34.2,64%,扇谷　健司,大宮アルディージャ,北野　貴之,今井　智基,菊地　光将,高橋　祥平,下平　匠,渡邉　大剛,青木　拓矢,金澤　慎,曺　永哲,ズラタン,鈴木　規郎,セレッソ大阪,キム　ジンヒョン,藤本　康太,丸橋　祐介,酒本　憲幸,山下　達也,扇原　貴宏,山口　螢,南野　拓実,シンプリシオ,柿谷　曜一朗,エジノ
15011,2,2,晴,33.3,58%,シモン　マルチニアク,川崎フロンターレ,西部　洋平,田中　裕介,實藤　友紀,中澤　聡太,登里　享平,森谷　賢太郎,山本　真希,中村　憲剛,レナト,アラン　ピニェイロ,大久保　嘉人,ＦＣ東京,権田　修一,徳永　悠平,森重　真人,チャン　ヒョンス,太田　宏介,高橋　秀人,米本　拓司,石川　直宏,長谷川　アーリアジャスール,ルーカス,渡邉　千真
15013,2,0,晴,29.8,72%,飯田　淳平,名古屋グランパス,楢﨑　正剛,田中　隼磨,田中　マルクス闘莉王,増川　隆洋,阿部　翔平,藤本　淳吾,中村　直志,ダニルソン,小川　佳純,玉田　圭司,ケネディ,浦和レッズ,加藤　順大,森脇　良太,那須　大亮,槙野　智章,平川　忠亮,阿部　勇樹,鈴木　啓太,宇賀神　友弥,柏木　陽介,原口　元気,興梠　慎三
15026,2,1,曇,28.2,75%,松尾　一,鹿島アントラーズ,曽ヶ端　準,西　大伍,山村　和也,青木　剛,前野　貴徳,小笠原　満男,柴崎　岳,遠藤　康,中村　充孝,土居　聖真,大迫　勇也,横浜Ｆ・マリノス,榎本　哲也,小林　祐三,栗原　勇蔵,中澤　佑二,ドゥトラ,中町　公祐,小椋　祥平,兵藤　慎剛,中村　俊輔,齋藤　学,マルキーニョス
15038,2,0,晴,26.4,59%,今村　義朗,ヴァンフォーレ甲府,荻　晃太,青山　直晃,山本　英臣,佐々木　翔,柏　好文,伊東　輝悦,保坂　一成,福田　健介,河本　明人,ジウシーニョ,パトリック,サンフレッチェ広島,西川　周作,塩谷　司,千葉　和彦,水本　裕貴,ファン　ソッコ,青山　敏弘,森﨑　和幸,清水　航平,川辺　駿,髙萩　洋次郎,佐藤　寿人
15041,2,1,晴,27.8,46%,岡部　拓人,名古屋グランパス,楢﨑　正剛,田中　隼磨,ダニエル,増川　隆洋,阿部　翔平,藤本　淳吾,中村　直志,ダニルソン,小川　佳純,玉田　圭司,ケネディ,大分トリニータ,丹野　研太,土岐田　洸平,若狭　大志,安川　有,為田　大貴,ロドリゴ　マンシャ,梶山　陽平,チェ　ジョンハン,木村　祐志,松田　力,森島　康仁
15049,1,2,曇,24.6,80%,東城　穣,サンフレッチェ広島,西川　周作,塩谷　司,千葉　和彦,水本　裕貴,ファン　ソッコ,青山　敏弘,森﨑　和幸,清水　航平,石原　直樹,髙萩　洋次郎,佐藤　寿人,ＦＣ東京,権田　修一,徳永　悠平,森重　真人,チャン　ヒョンス,太田　宏介,高橋　秀人,米本　拓司,長谷川　アーリアジャスール,東　慶悟,ルーカス,渡邉　千真
15051,2,3,屋内,24.9,89%,扇谷　健司,大分トリニータ,丹野　研太,土岐田　洸平,若狭　大志,安川　有,松本　怜,ロドリゴ　マンシャ,梶山　陽平,チェ　ジョンハン,木村　祐志,松田　力,高松　大樹,清水エスパルス,櫛引　政敏,平岡　康裕,カルフィン　ヨン　ア　ピン,村松　大輔,石毛　秀樹,河井　陽介,杉山　浩太,本田　拓也,高木　俊幸,大前　元紀,ラドンチッチ
15062,1,0,晴,24.6,78%,松尾　一,横浜Ｆ・マリノス,榎本　哲也,小林　祐三,栗原　勇蔵,中澤　佑二,ドゥトラ,中町　公祐,富澤　清太郎,兵藤　慎剛,中村　俊輔,齋藤　学,マルキーニョス,清水エスパルス,櫛引　政敏,杉山　浩太,村松　大輔,カルフィン　ヨン　ア　ピン,河井　陽介,石毛　秀樹,本田　拓也,竹内　涼,大前　元紀,高木　俊幸,ラドンチッチ
15064,0,2,晴,25.1,76%,中村　太,名古屋グランパス,楢﨑　正剛,田中　隼磨,牟田　雄祐,増川　隆洋,阿部　翔平,藤本　淳吾,中村　直志,田口　泰士,小川　佳純,玉田　圭司,ケネディ,ＦＣ東京,権田　修一,徳永　悠平,森重　真人,チャン　ヒョンス,太田　宏介,高橋　秀人,米本　拓司,石川　直宏,長谷川　アーリアジャスール,ルーカス,渡邉　千真
15077,2,2,晴,21.8,61%,佐藤　隆治,湘南ベルマーレ,安藤　駿介,遠藤　航,大野　和成,亀川　諒史,宇佐美　宏和,ハン　グギョン,永木　亮太,高山　薫,大竹　洋平,ウェリントン,武富　孝介,浦和レッズ,山岸　範宏,森脇　良太,山田　暢久,槙野　智章,平川　忠亮,阿部　勇樹,鈴木　啓太,宇賀神　友弥,柏木　陽介,原口　元気,興梠　慎三
15086,3,1,雨,21.1,88%,木村　博之,サンフレッチェ広島,西川　周作,塩谷　司,千葉　和彦,水本　裕貴,ミキッチ,青山　敏弘,森﨑　和幸,清水　航平,石原　直樹,髙萩　洋次郎,佐藤　寿人,清水エスパルス,櫛引　政敏,平岡　康裕,カルフィン　ヨン　ア　ピン,杉山　浩太,村松　大輔,本田　拓也,石毛　秀樹,河井　陽介,大前　元紀,高木　俊幸,ラドンチッチ
15109,1,2,曇時々晴,20.2,66%,佐藤　隆治,横浜Ｆ・マリノス,榎本　哲也,小林　祐三,栗原　勇蔵,中澤　佑二,ドゥトラ,小椋　祥平,富澤　清太郎,兵藤　慎剛,中町　公祐,齋藤　学,マルキーニョス,名古屋グランパス,楢﨑　正剛,田中　隼磨,田中　マルクス闘莉王,増川　隆洋,阿部　翔平,小川　佳純,田口　泰士,ダニルソン,藤本　淳吾,ケネディ,玉田　圭司
15127,0,2,晴,12.7,33%,家本　政明,横浜Ｆ・マリノス,榎本　哲也,小林　祐三,栗原　勇蔵,中澤　佑二,ドゥトラ,中町　公祐,富澤　清太郎,兵藤　慎剛,中村　俊輔,齋藤　学,マルキーニョス,アルビレックス新潟,東口　順昭,三門　雄大,舞行龍ジェームズ,大井　健太郎,金　珍洙,レオ　シルバ,成岡　翔,田中　亜土夢,岡本　英也,田中　達也,川又　堅碁
15143,0,1,晴のち曇,10.1,27%,村上　伸次,ジェフユナイテッド千葉,岡本　昌弘,高橋　峻希,竹内　彬,山口　智,キム　ヒョヌン,兵働　昭弘,佐藤　勇人,米倉　恒貴,ジャイール,谷澤　達也,ケンペス,コンサドーレ札幌,杉山　哲,チョ　ソンジン,櫛引　一紀,奈良　竜樹,松本　怜大,河合　竜二,上里　一将,古田　寛幸,内村　圭宏,神田　夢実,テレ
15157,1,3,曇,19.6,56%,福島　孝一郎,Ｖ・ファーレン長崎,岩丸　史也,藤井　大輔,山口　貴弘,髙杉　亮太,小笠原　侑生,井上　裕大,岩間　雄大,古部　健太,神崎　大輔,幸野　志有人,佐藤　洸一,ガンバ大阪,藤ヶ谷　陽介,丹羽　大輝,岩下　敬輔,今野　泰幸,藤春　廣輝,明神　智和,遠藤　保仁,阿部　浩之,二川　孝広,平井　将生,倉田　秋
15158,0,1,屋内,19.7,30%,家本　政明,コンサドーレ札幌,杉山　哲,チョ　ソンジン,櫛引　一紀,奈良　竜樹,松本　怜大,河合　竜二,上里　一将,古田　寛幸,内村　圭宏,神田　夢実,テレ,栃木ＳＣ,榎本　達也,山形　辰徳,チャ　ヨンファン,當間　建文,原田　圭輔,クリスティアーノ,高木　和正,パウリーニョ,菊岡　拓朗,サビア,近藤　祐介
15162,0,3,曇,12.0,57%,飯田　淳平,ロアッソ熊本,南　雄太,筑城　和人,吉井　孝輔,高橋　祐太郎,片山　奨典,仲間　隼斗,養父　雄仁,黒木　晃平,五領　淳樹,齊藤　和樹,北嶋　秀朗,ジェフユナイテッド千葉,岡本　昌弘,高橋　峻希,竹内　彬,山口　智,キム　ヒョヌン,佐藤　勇人,佐藤　健太郎,米倉　恒貴,ジャイール,谷澤　達也,ケンペス
15171,1,0,晴,15.4,43%,窪田　陽輔,カターレ富山,守田　達弥,足助　翔,平出　涼,舩津　徹也,森　泰次郎,國吉　貴博,キム　ヨングン,ソ　ヨンドク,大西　容平,朝日　大輔,西川　優大,愛媛ＦＣ,秋元　陽太,代　健司,村上　巧,浦田　延尚,吉村　圭司,トミッチ,石井　謙伍,三原　向平,加藤　大,重松　健太郎,松本　翔
15178,1,0,曇,15.8,81%,扇谷　健司,Ｖ・ファーレン長崎,金山　隼樹,藤井　大輔,山口　貴弘,下田　光平,小笠原　侑生,井上　裕大,岩間　雄大,古部　健太,佐藤　洸一,金久保　彩,水永　翔馬,カターレ富山,守田　達弥,平出　涼,御厨　貴文,舩津　徹也,森　泰次郎,大西　容平,キム　ヨングン,ソ　ヨンドク,木村　勝太,朝日　大輔,苔口　卓也
15180,1,0,曇,17.8,53%,岡部　拓人,ザスパクサツ群馬,内藤　圭佑,中村　英之,乾　大知,夛田　凌輔,小柳　達司,黄　誠秀,小林　竜樹,加藤　弘堅,平繁　龍一,エデル,青木　孝太,横浜ＦＣ,柴崎　貴広,野上　結貴,ペ　スンジン,森下　俊,西嶋　弘之,寺田　紳一,松下　裕樹,佐藤　謙介,野崎　陽介,青木　翔大,田原　豊
15188,0,1,晴,18.1,30%,塚田　健太,ＦＣ岐阜,時久　省吾,田中　秀人,デズモンド,関田　寛士,野垣内　俊,杉山　新,森安　洋文,益山　司,染矢　一樹,ファビオ,美尾　敦,徳島ヴォルティス,松井　謙弥,福元　洋平,斉藤　大介,那須川　将大,青山　隼,柴崎　晃誠,太田　圭輔,藤原　広太朗,大﨑　淳矢,キム　ジョンミン,津田　知宏
15191,0,1,曇,15.3,53%,池内　明彦,アビスパ福岡,神山　竜一,宮本　卓也,山口　和樹,堤　俊輔,キム　ミンジェ,中原　秀人,岡田　隆,金久保　順,城後　寿,坂田　大輔,石津　大介,コンサドーレ札幌,杉山　哲,チョ　ソンジン,櫛引　一紀,奈良　竜樹,松本　怜大,河合　竜二,深井　一希,岡本　賢明,宮澤　裕樹,古田　寛幸,前田　俊介
15194,0,1,晴,13.8,50%,三上　正一郎,横浜ＦＣ,柴崎　貴広,野上　結貴,ペ　スンジン,森下　俊,西嶋　弘之,松下　裕樹,寺田　紳一,内田　智也,中里　崇宏,武岡　優斗,田原　豊,ファジアーノ岡山,中林　洋次,後藤　圭太,竹田　忠嗣,植田　龍仁朗,田中　奏一,千明　聖典,島田　譲,田所　諒,関戸　健二,押谷　祐樹,桒田　慎一朗
15197,5,1,雪,1.4,76%,吉田　寿光,モンテディオ山形,常澤　聡,山田　拓巳,作田　裕次,イ　ジュヨン,中村　太亮,ロメロ　フランク,宮阪　政樹,秋葉　勝,山﨑　雅人,萬代　宏樹,中島　裕希,横浜ＦＣ,柴崎　貴広,井手口　正昭,ペ　スンジン,森下　俊,野上　結貴,松下　裕樹,寺田　紳一,髙地　系治,武岡　優斗,野崎　陽介,田原　豊
15218,1,0,曇,10.3,59%,今村　義朗,ギラヴァンツ北九州,武田　博行,松本　陽介,宮本　亨,前田　和哉,冨士　祐樹,鈴木　修人,八角　剛史,小手川　宏基,内藤　洋平,大島　秀夫,キム　ドンフィ,愛媛ＦＣ,秋元　陽太,代　健司,小原　章吾,浦田　延尚,三原　向平,村上　巧,吉村　圭司,赤井　秀一,河原　和寿,東　浩史,石井　謙伍
15227,0,1,曇,20.8,33%,飯田　淳平,京都サンガF.C.,オ　スンフン,染谷　悠太,バヤリッツァ,田森　大己,福村　貴幸,三平　和司,横谷　繁,工藤　浩平,安藤　淳,原　一樹,サヌ,横浜ＦＣ,柴崎　貴広,野上　結貴,ペ　スンジン,森下　俊,西嶋　弘之,松下　裕樹,佐藤　謙介,武岡　優斗,寺田　紳一,大久保　哲哉,黒津　勝
15235,1,0,晴,18.6,60%,今村　義朗,ガンバ大阪,藤ヶ谷　陽介,加地　亮,西野　貴治,岩下　敬輔,藤春　廣輝,内田　達也,遠藤　保仁,家長　昭博,二川　孝広,倉田　秋,レアンドロ,松本山雅ＦＣ,白井　裕人,鐡戸　裕史,飯尾　和也,飯田　真輝,多々良　敦斗,岩沼　俊介,ユン　ソンヨル,玉林　睦実,パク　カンイル,船山　貴之,長沢　駿
15238,1,1,晴,17.8,74%,窪田　陽輔,ファジアーノ岡山,中林　洋次,後藤　圭太,竹田　忠嗣,植田　龍仁朗,田中　奏一,千明　聖典,仙石　廉,田所　諒,関戸　健二,荒田　智之,石原　崇兆,京都サンガF.C.,オ　スンフン,安藤　淳,バヤリッツァ,田森　大己,福村　貴幸,三平　和司,横谷　繁,中山　博貴,駒井　善成,原　一樹,サヌ
15244,0,2,晴,16.0,52%,野田　祐樹,ギラヴァンツ北九州,武田　博行,田中　優毅,渡邉　将基,前田　和哉,冨士　祐樹,鈴木　修人,八角　剛史,森村　昂太,小手川　宏基,大島　秀夫,渡　大生,水戸ホーリーホック,笠原　昂史,石神　幸征,細川　淳矢,冨田　大介,尾本　敬,西岡　謙太,内田　航平,小澤　司,橋本　晃司,山村　佑樹,鈴木　隆行
15246,3,0,曇時々晴,11.6,49%,榎本　一慶,京都サンガF.C.,オ　スンフン,安藤　淳,染谷　悠太,バヤリッツァ,福村　貴幸,原川　力,秋本　倫孝,田森　大己,駒井　善成,横谷　繁,久保　裕也,ガイナーレ鳥取,杉本　拓也,三浦　修,柳楽　智和,横竹　翔,武田　英二郎,奥山　泰裕,実信　憲明,吉野　智行,田中　雄大,永里　源気,久保　裕一
15258,1,1,晴,19.1,32%,ジェームズ　アドコック,ガンバ大阪,藤ヶ谷　陽介,加地　亮,丹羽　大輝,岩下　敬輔,藤春　廣輝,今野　泰幸,遠藤　保仁,家長　昭博,二川　孝広,倉田　秋,レアンドロ,ガイナーレ鳥取,杉本　拓也,尾崎　瑛一郎,柳楽　智和,森　英次郎,武田　英二郎,奥山　泰裕,横竹　翔,田中　雄大,永里　源気,実信　憲明,久保　裕一
15267,1,0,晴,23.9,46%,森川　浩次,Ｖ・ファーレン長崎,金山　隼樹,藤井　大輔,山口　貴弘,趙　民宇,古部　健太,岩間　雄大,前田　悠佑,山田　晃平,佐藤　洸一,神崎　大輔,水永　翔馬,ギラヴァンツ北九州,武田　博行,田中　優毅,宮本　亨,前田　和哉,冨士　祐樹,八角　剛史,アン　ヨンギュ,小手川　宏基,森村　昂太,大島　秀夫,渡　大生
15274,0,0,晴,23.4,36%,長谷　拓,水戸ホーリーホック,笠原　昂史,石神　幸征,細川　淳矢,冨田　大介,尾本　敬,西岡　謙太,内田　航平,小澤　司,島田　祐輝,難波　宏明,三島　康平,Ｖ・ファーレン長崎,金山　隼樹,藤井　大輔,山口　貴弘,髙杉　亮太,金久保　彩,岩間　雄大,井上　裕大,古部　健太,小笠原　侑生,神崎　大輔,水永　翔馬
15277,1,2,晴,26.5,21%,木村　博之,ギラヴァンツ北九州,松本　拓也,松本　陽介,渡邉　将基,前田　和哉,冨士　祐樹,鈴木　修人,八角　剛史,キム　ドンフィ,小手川　宏基,柿本　健太,ナム　イルウ,コンサドーレ札幌,杉山　哲,上原　慎也,奈良　竜樹,チョ　ソンジン,松本　怜大,深井　一希,宮澤　裕樹,岡本　賢明,荒野　拓馬,神田　夢実,横野　純貴
15282,1,1,曇,13.3,79%,吉田　哲朗,カターレ富山,飯田　健巳,足助　翔,平出　涼,舩津　徹也,大西　容平,國吉　貴博,大山　俊輔,ソ　ヨンドク,木村　勝太,木本　敬介,苔口　卓也,ガイナーレ鳥取,杉本　拓也,尾崎　瑛一郎,森　英次郎,三浦　修,奥山　泰裕,横竹　翔,田中　雄大,永里　源気,住田　貴彦,久保　裕一,実信　憲明
15283,0,1,晴,20.4,42%,三上　正一郎,ＦＣ岐阜,時久　省吾,デズモンド,益山　司,田中　秀人,杉山　新,森安　洋文,服部　年宏,染矢　一樹,柴原　誠,水野　泰輔,樋口　寛規,ジェフユナイテッド千葉,岡本　昌弘,米倉　恒貴,竹内　彬,山口　智,大岩　一貴,佐藤　勇人,佐藤　健太郎,田中　佑昌,兵働　昭弘,ナム　スンウ,谷澤　達也
15291,0,1,晴,19.4,55%,井上　知大,モンテディオ山形,常澤　聡,山田　拓巳,堀之内　聖,作田　裕次,中村　太亮,廣瀬　智靖,ロメロ　フランク,秋葉　勝,比嘉　厚平,中島　裕希,林　陵平,コンサドーレ札幌,杉山　哲,小山内　貴哉,奈良　竜樹,チョ　ソンジン,松本　怜大,深井　一希,上里　一将,岡本　賢明,荒野　拓馬,砂川　誠,前田　俊介
15294,2,1,晴,21.0,28%,日高　晴樹,京都サンガF.C.,オ　スンフン,安藤　淳,染谷　悠太,バヤリッツァ,福村　貴幸,山瀬　功治,工藤　浩平,田森　大己,駒井　善成,横谷　繁,三平　和司,ザスパクサツ群馬,内藤　圭佑,乾　大知,中村　英之,瀬川　和樹,夛田　凌輔,加藤　弘堅,横山　翔平,青木　孝太,永田　亮太,平繁　龍一,遠藤　敬佑
15296,0,6,雨,19.4,78%,小屋　幸栄,ガイナーレ鳥取,杉本　拓也,尾崎　瑛一郎,柳楽　智和,森　英次郎,三浦　修,廣田　隆治,横竹　翔,田中　雄大,奥山　泰裕,岡本　達也,永里　源気,モンテディオ山形,常澤　聡,山田　拓巳,西河　翔吾,イ　ジュヨン,中村　太亮,山﨑　雅人,堀之内　聖,ロメロ　フランク,伊東　俊,中島　裕希,林　陵平
15300,1,1,曇,11.8,66%,扇谷　健司,コンサドーレ札幌,杉山　哲,日高　拓磨,奈良　竜樹,チョ　ソンジン,上原　慎也,深井　一希,上里　一将,岡本　賢明,榊　翔太,砂川　誠,前田　俊介,東京ヴェルディ,佐藤　優也,井林　章,金　鐘必,福井　諒司,森　勇介,鈴木　惇,石神　直哉,西　紀寛,飯尾　一慶,中島　翔哉,高原　直泰
15303,1,2,雨,16.4,88%,上村　篤史,カターレ富山,守田　達弥,足助　翔,平出　涼,舩津　徹也,大西　容平,國吉　貴博,大山　俊輔,ソ　ヨンドク,木村　勝太,西川　優大,苔口　卓也,アビスパ福岡,水谷　雄一,堤　俊輔,古賀　正紘,山口　和樹,尾亦　弘友希,パク　ゴン,岡田　隆,三島　勇太,金森　健志,城後　寿,石津　大介
15306,0,1,曇,20.4,94%,吉田　哲朗,Ｖ・ファーレン長崎,金山　隼樹,趙　民宇,山口　貴弘,髙杉　亮太,金久保　彩,井上　裕大,岩間　雄大,山田　晃平,神崎　大輔,小笠原　侑生,水永　翔馬,京都サンガF.C.,オ　スンフン,安藤　淳,染谷　悠太,バヤリッツァ,福村　貴幸,田森　大己,工藤　浩平,山瀬　功治,駒井　善成,横谷　繁,三平　和司
15312,2,1,晴,28.5,41%,榎本　一慶,Ｖ・ファーレン長崎,金山　隼樹,趙　民宇,山口　貴弘,髙杉　亮太,金久保　彩,井上　裕大,岩間　雄大,山田　晃平,小笠原　侑生,佐藤　洸一,水永　翔馬,ジェフユナイテッド千葉,岡本　昌弘,米倉　恒貴,竹内　彬,山口　智,大岩　一貴,佐藤　勇人,佐藤　健太郎,兵働　昭弘,田中　佑昌,谷澤　達也,ケンペス
15313,0,0,曇,24.5,64%,森川　浩次,栃木ＳＣ,榎本　達也,山形　辰徳,大和田　真史,當間　建文,菅　和範,クリスティアーノ,パウリーニョ,チャ　ヨンファン,杉本　真,近藤　祐介,廣瀬　浩二,横浜ＦＣ,シュナイダー　潤之介,野上　結貴,ペ　スンジン,森下　俊,西嶋　弘之,佐藤　謙介,中里　崇宏,武岡　優斗,内田　智也,黒津　勝,大久保　哲哉
15321,2,1,曇,22.8,37%,飯田　淳平,東京ヴェルディ,佐藤　優也,井林　章,金　鐘必,石神　直哉,鈴木　惇,森　勇介,福井　諒司,前田　直輝,飯尾　一慶,高原　直泰,常盤　聡,愛媛ＦＣ,兼田　亜季重,代　健司,小原　章吾,浦田　延尚,三原　向平,吉村　圭司,トミッチ,赤井　秀一,河原　和寿,加藤　大,石井　謙伍
15325,1,0,曇のち雨,20.6,60%,池内　明彦,ガイナーレ鳥取,杉本　拓也,林堂　眞,横竹　翔,柳楽　智和,尾崎　瑛一郎,鮫島　晃太,田中　雄大,森　英次郎,住田　貴彦,久保　裕一,永里　源気,松本山雅ＦＣ,野澤　洋輔,川鍋　良祐,多々良　敦斗,飯田　真輝,玉林　睦実,岩沼　俊介,喜山　康平,パク　カンイル,飯尾　竜太朗,船山　貴之,塩沢　勝吾
15349,1,1,曇,23.3,91%,扇谷　健司,ファジアーノ岡山,中林　洋次,後藤　圭太,竹田　忠嗣,植田　龍仁朗,田中　奏一,仙石　廉,島田　譲,田所　諒,石原　崇兆,押谷　祐樹,関戸　健二,アビスパ福岡,神山　竜一,宮本　卓也,古賀　正紘,パク　ゴン,堤　俊輔,岡田　隆,中原　秀人,石津　大介,金森　健志,坂田　大輔,城後　寿
15350,2,2,雨,21.9,95%,長谷　拓,ザスパクサツ群馬,北　一真,夛田　凌輔,有薗　真吾,乾　大知,保﨑　淳,永田　亮太,黄　誠秀,小林　竜樹,青木　孝太,エデル,平繁　龍一,モンテディオ山形,常澤　聡,山田　拓巳,堀之内　聖,西河　翔吾,中村　太亮,秋葉　勝,ロメロ　フランク,宮阪　政樹,伊東　俊,中島　裕希,林　陵平
15353,3,3,晴,23.4,70%,荒木　友輔,東京ヴェルディ,佐藤　優也,ペ　デウォン,刀根　亮輔,キローラン　木鈴,森　勇介,西　紀寛,中後　雅喜,前田　直輝,安田　晃大,高原　直泰,飯尾　一慶,栃木ＳＣ,榎本　達也,山形　辰徳,大和田　真史,當間　建文,中野　洋司,杉本　真,クリスティアーノ,チャ　ヨンファン,菊岡　拓朗,近藤　祐介,廣瀬　浩二
15355,1,1,晴,24.5,59%,今村　義朗,ガンバ大阪,藤ヶ谷　陽介,加地　亮,西野　貴治,丹羽　大輝,藤春　廣輝,明神　智和,内田　達也,パウリーニョ,二川　孝広,レアンドロ,倉田　秋,ファジアーノ岡山,中林　洋次,後藤　圭太,竹田　忠嗣,植田　龍仁朗,田中　奏一,仙石　廉,島田　譲,田所　諒,妹尾　隆佑,押谷　祐樹,石原　崇兆
15396,1,0,晴,26.9,78%,篠藤　巧,水戸ホーリーホック,本間　幸司,近藤　岳登,キム　ヨンギ,冨田　大介,尾本　敬,木暮　郁哉,西岡　謙太,小澤　司,島田　祐輝,橋本　晃司,鈴木　隆行,ファジアーノ岡山,中林　洋次,近藤　徹志,竹田　忠嗣,後藤　圭太,田中　奏一,千明　聖典,仙石　廉,田所　諒,妹尾　隆佑,三村　真,押谷　祐樹
15414,0,2,晴,27.7,66%,野田　祐樹,ＦＣ岐阜,時久　省吾,デズモンド,益山　司,田中　秀人,杉山　新,森安　洋文,美尾　敦,服部　年宏,染矢　一樹,樋口　寛規,ヴィンセント　ケイン,アビスパ福岡,神山　竜一,パク　ゴン,堤　俊輔,尾亦　弘友希,船山　祐二,中原　秀人,三島　勇太,金久保　順,石津　大介,坂田　大輔,城後　寿
15427,0,1,曇,23.6,79%,山本　雄大,栃木ＳＣ,鈴木　智幸,山形　辰徳,チャ　ヨンファン,西岡　大輝,赤井　秀行,クリスティアーノ,本橋　卓巳,高木　和正,久木野　聡,廣瀬　浩二,近藤　祐介,愛媛ＦＣ,秋元　陽太,三原　向平,代　健司,園田　拓也,浦田　延尚,黒木　恭平,村上　巧,吉村　圭司,加藤　大,河原　和寿,重松　健太郎
15432,2,3,曇,25.5,86%,福島　孝一郎,アビスパ福岡,神山　竜一,宮本　卓也,パク　ゴン,堤　俊輔,中原　秀人,三島　勇太,金久保　順,船山　祐二,石津　大介,城後　寿,坂田　大輔,東京ヴェルディ,佐藤　優也,井林　章,刀根　亮輔,石神　直哉,森　勇介,鈴木　惇,小池　純輝,西　紀寛,飯尾　一慶,高原　直泰,常盤　聡
15452,1,0,晴,31.4,54%,榎本　一慶,ザスパクサツ群馬,北　一真,小柳　達司,有薗　真吾,乾　大知,クォン　ハンジン,黄　誠秀,夛田　凌輔,永田　亮太,加藤　弘堅,平繁　龍一,横山　翔平,ロアッソ熊本,南　雄太,高橋　祐太郎,橋本　拳人,矢野　大輔,藏川　洋平,吉井　孝輔,原田　拓,片山　奨典,堀米　勇輝,藤本　主税,仲間　隼斗
15490,3,4,曇時々雨,25.2,84%,今村　義朗,アビスパ福岡,笠川　永太,三島　勇太,堤　俊輔,山口　和樹,宮本　卓也,中原　秀人,金久保　順,金森　健志,城後　寿,石津　大介,坂田　大輔,ジェフユナイテッド千葉,岡本　昌弘,米倉　恒貴,竹内　彬,山口　智,高橋　峻希,佐藤　勇人,佐藤　健太郎,伊藤　大介,田中　佑昌,大塚　翔平,ケンペス
15512,3,2,晴,23.6,55%,家本　政明,ヴィッセル神戸,徳重　健太,相馬　崇人,河本　裕之,北本　久仁衛,奥井　諒,橋本　英郎,田中　英雄,マジーニョ,ポポ,小川　慶治朗,吉田　孝行,徳島ヴォルティス,長谷川　徹,藤原　広太朗,福元　洋平,青山　隼,濱田　武,柴崎　晃誠,宮崎　光平,アレックス,大﨑　淳矢,ドウグラス,津田　知宏
15513,2,1,晴,29.6,64%,河合　英治,ギラヴァンツ北九州,武田　博行,宮本　亨,渡邉　将基,前田　和哉,多田　高行,新井　純平,八角　剛史,井上　翔太,小手川　宏基,渡　大生,池元　友樹,ファジアーノ岡山,中林　洋次,近藤　徹志,竹田　忠嗣,後藤　圭太,田中　奏一,千明　聖典,島田　譲,田所　諒,石原　崇兆,押谷　祐樹,金　民均
15521,1,1,晴,24.4,58%,上田　益也,ヴィッセル神戸,徳重　健太,奥井　諒,岩波　拓也,河本　裕之,相馬　崇人,橋本　英郎,田中　英雄,マジーニョ,小川　慶治朗,森岡　亮太,ポポ,水戸ホーリーホック,本間　幸司,新里　亮,細川　淳矢,冨田　大介,輪湖　直樹,西岡　謙太,内田　航平,橋本　晃司,船谷　圭祐,山村　佑樹,鈴木　隆行
15530,2,1,曇,23.1,83%,窪田　陽輔,ジェフユナイテッド千葉,岡本　昌弘,米倉　恒貴,キム　ヒョヌン,山口　智,大岩　一貴,佐藤　勇人,佐藤　健太郎,兵働　昭弘,田中　佑昌,町田　也真人,ケンペス,ヴィッセル神戸,徳重　健太,奥井　諒,岩波　拓也,河本　裕之,相馬　崇人,エステバン,橋本　英郎,マジーニョ,ポポ,小川　慶治朗,森岡　亮太
15534,0,1,晴,28.8,59%,河合　英治,ガイナーレ鳥取,小針　清允,柳楽　智和,横竹　翔,柳川　雅樹,森　英次郎,奥山　泰裕,実信　憲明,武田　英二郎,永里　源気,廣田　隆治,鶴見　聡貴,京都サンガF.C.,オ　スンフン,安藤　淳,酒井　隆介,バヤリッツァ,福村　貴幸,秋本　倫孝,工藤　浩平,倉貫　一毅,駒井　善成,横谷　繁,山瀬　功治
15551,1,0,晴,17.1,33%,岡　宏道,東京ヴェルディ,佐藤　優也,井林　章,刀根　亮輔,石神　直哉,森　勇介,鈴木　惇,小池　純輝,中後　雅喜,飯尾　一慶,常盤　聡,高原　直泰,ギラヴァンツ北九州,武田　博行,宮本　亨,渡邉　将基,市川　恵多,多田　高行,新井　純平,八角　剛史,井上　翔太,小手川　宏基,渡　大生,池元　友樹
15553,2,1,晴,13.8,53%,森川　浩次,松本山雅ＦＣ,村山　智彦,犬飼　智也,多々良　敦斗,飯田　真輝,阿部　巧,岩沼　俊介,喜山　康平,岩上　祐三,玉林　睦実,船山　貴之,塩沢　勝吾,アビスパ福岡,神山　竜一,パク　ゴン,堤　俊輔,オ　チャンヒョン,尾亦　弘友希,三島　勇太,中原　秀人,岡田　隆,金久保　順,石津　大介,坂田　大輔
15560,1,0,屋内,20.0,50%,松尾　一,コンサドーレ札幌,杉山　哲,日高　拓磨,奈良　竜樹,チョ　ソンジン,上原　慎也,河合　竜二,宮澤　裕樹,砂川　誠,前田　俊介,荒野　拓馬,内村　圭宏,ジェフユナイテッド千葉,岡本　昌弘,米倉　恒貴,竹内　彬,山口　智,高橋　峻希,山口　慶,佐藤　健太郎,兵働　昭弘,田中　佑昌,町田　也真人,ケンペス
15584,1,1,晴,18.4,44%,森川　浩次,ジェフユナイテッド千葉,岡本　昌弘,米倉　恒貴,キム　ヒョヌン,山口　智,高橋　峻希,山口　慶,佐藤　健太郎,兵働　昭弘,田中　佑昌,町田　也真人,ケンペス,栃木ＳＣ,柴崎　邦博,山形　辰徳,赤井　秀行,チャ　ヨンファン,菅　和範,廣瀬　浩二,パウリーニョ,三都主　アレサンドロ,近藤　祐介,クリスティアーノ,サビア
15586,0,3,晴一時雨,15.1,62%,榎本　一慶,ＦＣ岐阜,高木　貴弘,杉山　新,木谷　公亮,新井　辰也,田中　秀人,染矢　一樹,益山　司,服部　年宏,美尾　敦,スティッペ,中村　祐輝,コンサドーレ札幌,杉山　哲,日高　拓磨,奈良　竜樹,チョ　ソンジン,上原　慎也,河合　竜二,宮澤　裕樹,レ　コン　ビン,三上　陽輔,砂川　誠,内村　圭宏
15597,1,0,晴,12.4,35%,塚田　健太,松本山雅ＦＣ,村山　智彦,犬飼　智也,飯尾　和也,多々良　敦斗,阿部　巧,岩沼　俊介,喜山　康平,岩上　祐三,玉林　睦実,船山　貴之,塩沢　勝吾,愛媛ＦＣ,秋元　陽太,関根　永悟,代　健司,園田　拓也,浦田　延尚,三原　向平,渡邊　一仁,村上　巧,東　浩史,加藤　大,渡辺　亮太
15601,2,2,晴,18.5,41%,家本　政明,ガイナーレ鳥取,杉本　拓也,柳楽　智和,柳川　雅樹,林堂　眞,尾崎　瑛一郎,横竹　翔,武田　英二郎,森　英次郎,廣田　隆治,住田　貴彦,永里　源気,ジェフユナイテッド千葉,岡本　昌弘,米倉　恒貴,キム　ヒョヌン,山口　智,高橋　峻希,山口　慶,佐藤　健太郎,兵働　昭弘,田中　佑昌,町田　也真人,ケンペス
15670,2,3,屋内,15.6,56%,廣瀬　格,名古屋グランパス,楢﨑　正剛,田鍋　陵太,大武　峻,田中　マルクス闘莉王,本多　勇喜,枝村　匠馬,ダニルソン,磯村　亮太,小川　佳純,玉田　圭司,ケネディ,清水エスパルス,櫛引　政敏,吉田　豊,平岡　康裕,カルフィン　ヨン　ア　ピン,河井　陽介,杉山　浩太,竹内　涼,大前　元紀,高木　俊幸,ノヴァコヴィッチ,長沢　駿
15672,5,0,曇,13.9,61%,今村　義朗,サガン鳥栖,林　彰洋,丹羽　竜平,菊地　直哉,呂　成海,安田　理大,早坂　良太,谷口　博之,藤田　直之,金　民友,池田　圭,豊田　陽平,徳島ヴォルティス,長谷川　徹,小暮　大器,橋内　優也,千代反田　充,アレックス,濱田　武,窪田　良,衛藤　裕,大﨑　淳矢,ドウグラス,津田　知宏
15695,1,0,晴,11.8,49%,東城　穣,アルビレックス新潟,守田　達弥,松原　健,舞行龍ジェームズ,大井　健太郎,金　珍洙,レオ　シルバ,成岡　翔,田中　亜土夢,岡本　英也,鈴木　武蔵,川又　堅碁,サガン鳥栖,林　彰洋,丹羽　竜平,菊地　直哉,キム　ミンヒョク,安田　理大,水沼　宏太,谷口　博之,藤田　直之,金　民友,池田　圭,豊田　陽平
15707,1,3,晴,20.8,37%,家本　政明,横浜Ｆ・マリノス,榎本　哲也,小林　祐三,栗原　勇蔵,中澤　佑二,下平　匠,中町　公祐,富澤　清太郎,藤本　淳吾,中村　俊輔,兵藤　慎剛,伊藤　翔,鹿島アントラーズ,曽ヶ端　準,伊東　幸敏,青木　剛,昌子　源,山本　脩斗,小笠原　満男,柴崎　岳,遠藤　康,中村　充孝,土居　聖真,ダヴィ
15727,2,0,晴,14.6,54%,廣瀬　格,清水エスパルス,櫛引　政敏,ヤコヴィッチ,平岡　康裕,カルフィン　ヨン　ア　ピン,吉田　豊,六平　光成,竹内　涼,河井　陽介,大前　元紀,ノヴァコヴィッチ,長沢　駿,大宮アルディージャ,清水　慶記,今井　智基,菊地　光将,高橋　祥平,中村　北斗,渡邉　大剛,横山　知伸,増田　誓志,家長　昭博,ズラタン,長谷川　悠
15735,0,0,曇,11.9,59%,村上　伸次,柏レイソル,菅野　孝憲,鈴木　大輔,近藤　直也,渡部　博文,橋本　和,高山　薫,ハン　グギョン,大谷　秀和,田中　順也,工藤　壮人,レアンドロ,横浜Ｆ・マリノス,榎本　哲也,小林　祐三,栗原　勇蔵,中澤　佑二,下平　匠,中町　公祐,富澤　清太郎,兵藤　慎剛,中村　俊輔,齋藤　学,藤田　祥史
15749,0,3,晴,15.1,81%,西村　雄一,サンフレッチェ広島,林　卓人,塩谷　司,千葉　和彦,水本　裕貴,柏　好文,青山　敏弘,森﨑　和幸,清水　航平,石原　直樹,髙萩　洋次郎,佐藤　寿人,鹿島アントラーズ,曽ヶ端　準,伊東　幸敏,植田　直通,昌子　源,山本　脩斗,柴崎　岳,小笠原　満男,遠藤　康,カイオ,土居　聖真,ダヴィ
15752,1,1,晴のち曇,21.4,42%,窪田　陽輔,アルビレックス新潟,守田　達弥,大野　和成,舞行龍ジェームズ,大井　健太郎,金　珍洙,レオ　シルバ,成岡　翔,田中　亜土夢,岡本　英也,鈴木　武蔵,川又　堅碁,ヴィッセル神戸,山本　海人,奥井　諒,岩波　拓也,増川　隆洋,高橋　峻希,森岡　亮太,チョン　ウヨン,ペドロ　ジュニオール,橋本　英郎,マルキーニョス,小川　慶治朗
15754,2,1,曇,16.5,81%,家本　政明,鹿島アントラーズ,曽ヶ端　準,西　大伍,植田　直通,昌子　源,山本　脩斗,柴崎　岳,小笠原　満男,遠藤　康,カイオ,土居　聖真,ダヴィ,清水エスパルス,櫛引　政敏,吉田　豊,ヤコヴィッチ,平岡　康裕,カルフィン　ヨン　ア　ピン,村松　大輔,竹内　涼,六平　光成,河井　陽介,大前　元紀,ノヴァコヴィッチ
15760,2,2,晴,25.4,35%,西村　雄一,大宮アルディージャ,江角　浩司,今井　智基,菊地　光将,高橋　祥平,渡部　大輔,中村　北斗,増田　誓志,片岡　洋介,家長　昭博,富山　貴光,ズラタン,アルビレックス新潟,守田　達弥,松原　健,舞行龍ジェームズ,大井　健太郎,金　珍洙,レオ　シルバ,小林　裕紀,成岡　翔,田中　亜土夢,岡本　英也,川又　堅碁
15769,1,2,曇,15.4,62%,吉田　寿光,鹿島アントラーズ,曽ヶ端　準,西　大伍,植田　直通,昌子　源,山本　脩斗,梅鉢　貴秀,小笠原　満男,カイオ,ジャイール,柴崎　岳,ダヴィ,名古屋グランパス,楢﨑　正剛,矢野　貴章,牟田　雄祐,田中　マルクス闘莉王,本多　勇喜,枝村　匠馬,田口　泰士,中村　直志,小川　佳純,玉田　圭司,松田　力
15781,1,0,晴,21.6,25%,今村　義朗,ヴィッセル神戸,山本　海人,大屋　翼,河本　裕之,増川　隆洋,チョン　ウヨン,森岡　亮太,ペドロ　ジュニオール,小川　慶治朗,高橋　峻希,茂木　弘人,マルキーニョス,ヴァンフォーレ甲府,岡　大生,青山　直晃,津田　琢磨,佐々木　翔,福田　健介,新井　涼平,マルキーニョス　パラナ,阿部　翔平,ジウシーニョ,盛田　剛平,クリスティアーノ
15792,1,1,晴,25.2,34%,井上　知大,サガン鳥栖,林　彰洋,丹羽　竜平,キム　ミンヒョク,呂　成海,安田　理大,水沼　宏太,岡本　知剛,藤田　直之,金　民友,池田　圭,豊田　陽平,大宮アルディージャ,江角　浩司,今井　智基,菊地　光将,高橋　祥平,中村　北斗,渡邉　大剛,片岡　洋介,増田　誓志,家長　昭博,富山　貴光,長谷川　悠
15800,1,1,曇,23.3,82%,村上　伸次,名古屋グランパス,楢﨑　正剛,牟田　雄祐,田中　マルクス闘莉王,本多　勇喜,矢野　貴章,ダニルソン,田口　泰士,佐藤　和樹,レアンドロ　ドミンゲス,永井　謙佑,小川　佳純,徳島ヴォルティス,長谷川　徹,藤原　広太朗,福元　洋平,村松　大輔,アレックス,斉藤　大介,濱田　武,衛藤　裕,大﨑　淳矢,宮崎　光平,高崎　寛之
15801,2,0,曇のち晴,24.6,77%,松尾　一,ガンバ大阪,東口　順昭,米倉　恒貴,西野　貴治,岩下　敬輔,オ　ジェソク,今野　泰幸,遠藤　保仁,阿部　浩之,大森　晃太郎,宇佐美　貴史,倉田　秋,ヴァンフォーレ甲府,荻　晃太,青山　直晃,山本　英臣,佐々木　翔,福田　健介,稲垣　祥,マルキーニョス　パラナ,阿部　翔平,ジウシーニョ,盛田　剛平,クリスティアーノ
15803,0,1,晴,27.0,57%,木村　博之,ヴィッセル神戸,山本　海人,高橋　峻希,岩波　拓也,増川　隆洋,茂木　弘人,チョン　ウヨン,シンプリシオ,ペドロ　ジュニオール,森岡　亮太,小川　慶治朗,マルキーニョス,サガン鳥栖,林　彰洋,丹羽　竜平,菊地　直哉,キム　ミンヒョク,安田　理大,早坂　良太,岡本　知剛,藤田　直之,金　民友,池田　圭,豊田　陽平
15807,0,0,曇,28.6,64%,福島　孝一郎,ヴァンフォーレ甲府,荻　晃太,青山　直晃,山本　英臣,佐々木　翔,稲垣　祥,新井　涼平,マルキーニョス　パラナ,阿部　翔平,ジウシーニョ,石原　克哉,クリスティアーノ,セレッソ大阪,キム　ジンヒョン,藤本　康太,丸橋　祐介,安藤　淳,山下　達也,扇原　貴宏,山口　蛍,南野　拓実,平野　甲斐,キム　ソンジュン,杉本　健勇
15810,5,2,晴,27.4,85%,山本　雄大,サンフレッチェ広島,林　卓人,ファン　ソッコ,塩谷　司,水本　裕貴,清水　航平,柴﨑　晃誠,森﨑　和幸,柏　好文,石原　直樹,髙萩　洋次郎,佐藤　寿人,柏レイソル,菅野　孝憲,鈴木　大輔,増嶋　竜也,渡部　博文,橋本　和,キム　チャンス,茨田　陽生,大谷　秀和,狩野　健太,工藤　壮人,レアンドロ
15811,0,2,晴,26.8,85%,今村　義朗,徳島ヴォルティス,長谷川　徹,藤原　広太朗,福元　洋平,村松　大輔,アレックス,斉藤　大介,濱田　武,衛藤　裕,大﨑　淳矢,宮崎　光平,高崎　寛之,浦和レッズ,西川　周作,森脇　良太,那須　大亮,槙野　智章,平川　忠亮,青木　拓矢,阿部　勇樹,宇賀神　友弥,柏木　陽介,梅崎　司,興梠　慎三
15814,1,3,晴のち曇,26.9,76%,吉田　寿光,大宮アルディージャ,江角　浩司,今井　智基,菊地　光将,高橋　祥平,和田　拓也,増田　誓志,渡邉　大剛,渡部　大輔,家長　昭博,ズラタン,ムルジャ,徳島ヴォルティス,長谷川　徹,藤原　広太朗,福元　洋平,村松　大輔,アレックス,斉藤　大介,濱田　武,衛藤　裕,大﨑　淳矢,佐々木　一輝,高崎　寛之
15818,1,1,晴,27.8,48%,岡部　拓人,名古屋グランパス,楢﨑　正剛,矢野　貴章,牟田　雄祐,大武　峻,本多　勇喜,小川　佳純,ダニルソン,田口　泰士,矢田　旭,レアンドロ　ドミンゲス,玉田　圭司,横浜Ｆ・マリノス,榎本　哲也,小林　祐三,栗原　勇蔵,中澤　佑二,ドゥトラ,中町　公祐,小椋　祥平,兵藤　慎剛,中村　俊輔,齋藤　学,伊藤　翔
15826,4,0,晴,31.3,58%,木村　博之,ＦＣ東京,権田　修一,徳永　悠平,森重　真人,吉本　一謙,太田　宏介,高橋　秀人,米本　拓司,羽生　直剛,河野　広貴,エドゥー,武藤　嘉紀,清水エスパルス,相澤　貴志,ヤコヴィッチ,平岡　康裕,吉田　豊,杉山　浩太,本田　拓也,河井　陽介,六平　光成,高木　俊幸,大前　元紀,ノヴァコヴィッチ
15835,1,0,曇時々雨,26.0,79%,松尾　一,清水エスパルス,櫛引　政敏,吉田　豊,平岡　康裕,杉山　浩太,イ　キジェ,本田　拓也,六平　光成,大前　元紀,河井　陽介,高木　俊幸,ノヴァコヴィッチ,徳島ヴォルティス,長谷川　徹,藤原　広太朗,福元　洋平,那須川　将大,アレックス,斉藤　大介,濱田　武,衛藤　裕,大﨑　淳矢,佐々木　一輝,高崎　寛之
15837,0,0,雨のち曇一時雨,26.8,78%,窪田　陽輔,セレッソ大阪,キム　ジンヒョン,藤本　康太,丸橋　祐介,安藤　淳,山下　達也,長谷川　アーリアジャスール,山口　蛍,楠神　順平,フォルラン,南野　拓実,杉本　健勇,ＦＣ東京,権田　修一,徳永　悠平,森重　真人,吉本　一謙,太田　宏介,高橋　秀人,米本　拓司,東　慶悟,河野　広貴,エドゥー,武藤　嘉紀
15839,1,0,晴,24.6,86%,吉田　寿光,サンフレッチェ広島,増田　卓也,宮原　和也,千葉　和彦,水本　裕貴,清水　航平,柴﨑　晃誠,森﨑　和幸,柏　好文,森﨑　浩司,髙萩　洋次郎,石原　直樹,サガン鳥栖,林　彰洋,丹羽　竜平,菊地　直哉,キム　ミンヒョク,安田　理大,水沼　宏太,高橋　義希,藤田　直之,金　民友,池田　圭,豊田　陽平
15872,1,0,曇のち雨,21.9,77%,今村　義朗,アルビレックス新潟,守田　達弥,松原　健,舞行龍ジェームズ,大井　健太郎,大野　和成,レオ　シルバ,小林　裕紀,山本　康裕,田中　亜土夢,成岡　翔,指宿　洋史,ベガルタ仙台,関　憲太郎,菅井　直樹,鎌田　次郎,上本　大海,石川　直樹,太田　吉彰,富田　晋伍,武井　択也,梁　勇基,赤嶺　真吾,武藤　雄樹
15886,1,3,晴のち曇,25.9,39%,家本　政明,大宮アルディージャ,北野　貴之,今井　智基,横山　知伸,高橋　祥平,片岡　洋介,カルリーニョス,金澤　慎,家長　昭博,泉澤　仁,ズラタン,ムルジャ,川崎フロンターレ,西部　洋平,田中　裕介,ジェシ,井川　祐輔,登里　享平,パウリーニョ,谷口　彰悟,中村　憲剛,小林　悠,レナト,大久保　嘉人
15896,0,1,晴,23.1,59%,吉田　寿光,名古屋グランパス,楢﨑　正剛,矢野　貴章,牟田　雄祐,田中　マルクス闘莉王,本多　勇喜,矢田　旭,中村　直志,田口　泰士,レアンドロ　ドミンゲス,川又　堅碁,永井　謙佑,アルビレックス新潟,守田　達弥,松原　健,舞行龍ジェームズ,大井　健太郎,大野　和成,レオ　シルバ,小林　裕紀,山本　康裕,田中　亜土夢,ラファエル　シルバ,指宿　洋史
15911,1,0,曇,22.1,62%,村上　伸次,サガン鳥栖,林　彰洋,丹羽　竜平,菊地　直哉,キム　ミンヒョク,安田　理大,水沼　宏太,高橋　義希,藤田　直之,金　民友,池田　圭,豊田　陽平,横浜Ｆ・マリノス,榎本　哲也,奈良輪　雄太,中澤　佑二,ファビオ,下平　匠,三門　雄大,富澤　清太郎,藤本　淳吾,佐藤　優平,兵藤　慎剛,伊藤　翔
15917,1,0,晴,22.3,27%,今村　義朗,ガンバ大阪,東口　順昭,米倉　恒貴,丹羽　大輝,岩下　敬輔,オ　ジェソク,内田　達也,遠藤　保仁,阿部　浩之,大森　晃太郎,宇佐美　貴史,パトリック,川崎フロンターレ,杉山　力裕,田中　裕介,實藤　友紀,谷口　彰悟,登里　享平,大島　僚太,中村　憲剛,小林　悠,レナト,森島　康仁,大久保　嘉人
15931,1,1,曇,21.0,83%,飯田　淳平,鹿島アントラーズ,曽ヶ端　準,西　大伍,植田　直通,昌子　源,山本　脩斗,柴崎　岳,小笠原　満男,遠藤　康,カイオ,土居　聖真,赤﨑　秀平,浦和レッズ,西川　周作,森脇　良太,那須　大亮,槙野　智章,関根　貴大,阿部　勇樹,青木　拓矢,宇賀神　友弥,柏木　陽介,マルシオ　リシャルデス,興梠　慎三
15938,1,3,雨時々曇,18.9,90%,高山　啓義,清水エスパルス,櫛引　政敏,ヤコヴィッチ,平岡　康裕,吉田　豊,河井　陽介,藤田　息吹,本田　拓也,六平　光成,石毛　秀樹,大前　元紀,ノヴァコヴィッチ,サンフレッチェ広島,林　卓人,塩谷　司,千葉　和彦,水本　裕貴,柏　好文,青山　敏弘,柴﨑　晃誠,山岸　智,石原　直樹,野津田　岳人,佐藤　寿人
15946,0,1,晴,17.9,30%,松尾　一,横浜Ｆ・マリノス,榎本　哲也,小林　祐三,栗原　勇蔵,中澤　佑二,下平　匠,兵藤　慎剛,ファビオ,佐藤　優平,中村　俊輔,齋藤　学,伊藤　翔,浦和レッズ,西川　周作,森脇　良太,那須　大亮,槙野　智章,平川　忠亮,阿部　勇樹,鈴木　啓太,宇賀神　友弥,柏木　陽介,梅崎　司,李　忠成
15948,3,3,晴,11.1,79%,村上　伸次,ベガルタ仙台,関　憲太郎,菅井　直樹,鎌田　次郎,上本　大海,石川　直樹,太田　吉彰,富田　晋伍,梁　勇基,野沢　拓也,赤嶺　真吾,ウイルソン,セレッソ大阪,キム　ジンヒョン,染谷　悠太,丸橋　祐介,酒本　憲幸,山下　達也,扇原　貴宏,長谷川　アーリアジャスール,楠神　順平,杉本　健勇,永井　龍,南野　拓実
15956,0,1,晴,18.3,47%,廣瀬　格,徳島ヴォルティス,長谷川　徹,村松　大輔,福元　洋平,橋内　優也,藤原　広太朗,アレックス,斉藤　大介,濱田　武,大﨑　淳矢,廣瀬　智靖,キム　ジョンミン,サガン鳥栖,林　彰洋,丹羽　竜平,菊地　直哉,キム　ミンヒョク,安田　理大,水沼　宏太,岡本　知剛,藤田　直之,金　民友,池田　圭,豊田　陽平
15975,1,3,曇時々雨,5.8,67%,井上　知大,東京ヴェルディ,佐藤　優也,安西　幸輝,吉野　恭平,金　鐘必,舘野　俊祐,田村　直也,中後　雅喜,前田　直輝,高木　大輔,菅嶋　弘希,平本　一樹,松本山雅ＦＣ,村山　智彦,田中　隼磨,犬飼　智也,飯田　真輝,岩沼　俊介,多々良　敦斗,岩上　祐三,喜山　康平,鐡戸　裕史,船山　貴之,サビア
15980,0,0,晴,11.8,73%,吉田　哲朗,ファジアーノ岡山,中林　洋次,後藤　圭太,竹田　忠嗣,近藤　徹志,仙石　廉,千明　聖典,鎌田　翔雅,田所　諒,林　容平,妹尾　隆佑,押谷　祐樹,カターレ富山,水谷　雄一,木村　勝太,平出　涼,御厨　貴文,内田　健太,大西　容平,キム　ヨングン,ソ　ヨンドク,白崎　凌兵,中島　翔哉,苔口　卓也
15982,2,1,曇,13.6,55%,吉田　寿光,ロアッソ熊本,畑　実,園田　拓也,篠原　弘次郎,矢野　大輔,片山　奨典,橋本　拳人,養父　雄仁,中山　雄登,齊藤　和樹,仲間　隼斗,巻　誠一郎,アビスパ福岡,神山　竜一,パク　ゴン,堤　俊輔,阿部　巧,三島　勇太,中原　秀人,平井　将生,森村　昂太,城後　寿,坂田　大輔,プノセバッチ
15984,1,0,雨,5.7,82%,村上　伸次,湘南ベルマーレ,秋元　陽太,遠藤　航,丸山　祐市,三竿　雄斗,宇佐美　宏和,菊地　俊介,永木　亮太,菊池　大介,梶川　諒太,ウェリントン,武富　孝介,モンテディオ山形,清水　健太,山田　拓巳,當間　建文,イ　ジュヨン,舩津　徹也,宮阪　政樹,ロメロ　フランク,山﨑　雅人,ディエゴ,中島　裕希,萬代　宏樹
15987,1,1,晴,9.6,29%,井上　知大,栃木ＳＣ,鈴木　智幸,山形　辰徳,チャ　ヨンファン,ドゥドゥ,イ　ミンス,西澤　代志也,小野寺　達也,杉本　真,廣瀬　浩二,瀬沼　優司,近藤　祐介,横浜ＦＣ,南　雄太,小池　純輝,ドウグラス,野上　結貴,中島　崇典,松下　年宏,安　英学,小野瀬　康介,寺田　紳一,飯尾　一慶,パク　ソンホ
15996,1,0,晴,7.9,57%,廣瀬　格,ジェフユナイテッド千葉,岡本　昌弘,天野　貴史,大岩　一貴,山口　智,中村　太亮,山口　慶,佐藤　健太郎,田中　佑昌,山中　亮輔,町田　也真人,森本　貴幸,ファジアーノ岡山,中林　洋次,近藤　徹志,竹田　忠嗣,後藤　圭太,鎌田　翔雅,島田　譲,千明　聖典,田所　諒,妹尾　隆佑,林　容平,荒田　智之
16044,0,1,曇,17.8,19%,扇谷　健司,横浜ＦＣ,南　雄太,小池　純輝,ドウグラス,野上　結貴,永田　拓也,寺田　紳一,佐藤　謙介,小野瀬　康介,内田　智也,パク　ソンホ,野崎　陽介,ＦＣ岐阜,川口　能活,野垣内　俊,木谷　公亮,阿部　正紀,三都主　アレサンドロ,水野　泰輔,宮沢　正史,太田　圭輔,髙地　系治,田中　智大,ナザリト
16046,4,0,雨,11.5,81%,河合　英治,愛媛ＦＣ,児玉　剛,ハン　ヒフン,村上　佑介,林堂　眞,浦田　延尚,三原　向平,村上　巧,吉村　圭司,原川　力,西田　剛,表原　玄太,カターレ富山,水谷　雄一,木村　勝太,御厨　貴文,吉川　拓也,内田　健太,ソ　ヨンドク,大西　容平,キム　ヨングン,中島　翔哉,苔口　卓也,白崎　凌兵
16047,2,5,雨,13.4,81%,前田　拓哉,アビスパ福岡,神山　竜一,阿部　巧,堤　俊輔,イ　グァンソン,オ　チャンヒョン,中原　秀人,平井　将生,城後　寿,石津　大介,坂田　大輔,プノセバッチ,Ｖ・ファーレン長崎,大久保　択生,前田　悠佑,山口　貴弘,古部　健太,神崎　大輔,黒木　聖仁,三原　雅俊,野田　紘史,奥埜　博亮,東　浩史,佐藤　洸一
16048,3,2,雨,13.0,82%,山本　雄大,ギラヴァンツ北九州,大谷　幸輝,星原　健太,渡邉　将基,前田　和哉,冨士　祐樹,鈴木　修人,風間　宏希,小手川　宏基,川島　大地,原　一樹,池元　友樹,ジュビロ磐田,藤ヶ谷　陽介,菅沼　駿哉,駒野　友一,伊野波　雅彦,山崎　亮平,山田　大記,松井　大輔,フェルジナンド,藤田　義明,ポポ,前田　遼一
16074,1,0,雨,17.3,70%,長谷　拓,ＦＣ岐阜,川口　能活,杉山　新,阿部　正紀,関田　寛士,野垣内　俊,ヘニキ,水野　泰輔,太田　圭輔,髙地　系治,難波　宏明,遠藤　純輝,ザスパクサツ群馬,内藤　圭佑,小柳　達司,青木　良太,クォン　ハンジン,乾　大知,瀬川　和樹,加藤　弘堅,宮崎　泰右,横山　翔平,小林　竜樹,永田　亮太
16075,0,1,曇,24.2,65%,池内　明彦,カマタマーレ讃岐,森田　耕一郎,武田　有祐,藤井　航大,ソン　ハンキ,小澤　雄希,高木　和正,岡村　和哉,綱田　大志,関原　凌河,アンドレア,高橋　泰,横浜ＦＣ,南　雄太,市村　篤司,ドウグラス,野上　結貴,永田　拓也,寺田　紳一,安　英学,小池　純輝,内田　智也,黒津　勝,飯尾　一慶
16078,3,2,曇一時雨,20.1,62%,飯田　淳平,カターレ富山,飯田　健巳,高　准翼,御厨　貴文,吉川　拓也,木村　勝太,ソ　ヨンドク,秋本　倫孝,大西　容平,中島　翔哉,白崎　凌兵,苔口　卓也,松本山雅ＦＣ,村山　智彦,田中　隼磨,飯尾　和也,飯田　真輝,犬飼　智也,岩沼　俊介,岩間　雄大,喜山　康平,塩沢　勝吾,船山　貴之,岩上　祐三
16080,0,2,晴,17.4,44%,小屋　幸栄,モンテディオ山形,清水　健太,山田　拓巳,西河　翔吾,イ　ジュヨン,石川　竜也,宮阪　政樹,ディエゴ,秋葉　勝,中島　裕希,川西　翔太,山﨑　雅人,ファジアーノ岡山,中林　洋次,鎌田　翔雅,後藤　圭太,田所　諒,田中　奏一,千明　聖典,上田　康太,三村　真,妹尾　隆佑,片山　瑛一,清水　慎太郎
16110,2,0,晴,25.9,27%,前田　拓哉,松本山雅ＦＣ,村山　智彦,田中　隼磨,犬飼　智也,飯田　真輝,多々良　敦斗,岩上　祐三,岩間　雄大,岩沼　俊介,喜山　康平,船山　貴之,サビア,横浜ＦＣ,渋谷　飛翔,市村　篤司,ドウグラス,野上　結貴,永田　拓也,安　英学,寺田　紳一,小池　純輝,内田　智也,野崎　陽介,ホナウド
16120,2,0,晴,24.4,40%,小屋　幸栄,愛媛ＦＣ,児玉　剛,ハン　ヒフン,代　健司,林堂　眞,西岡　大輝,吉村　圭司,原川　力,堀米　勇輝,藤　直也,西田　剛,河原　和寿,カマタマーレ讃岐,瀬口　拓弥,武田　有祐,藤井　航大,野口　遼太,小澤　雄希,岡村　和哉,持留　新作,綱田　大志,アンドレア,高木　和正,我那覇　和樹
16121,1,1,曇のち晴,25.4,50%,吉田　哲朗,Ｖ・ファーレン長崎,中村　隼,藤井　大輔,山口　貴弘,野田　紘史,神崎　大輔,前田　悠佑,三原　雅俊,古部　健太,東　浩史,黒木　聖仁,イ　デホン,栃木ＳＣ,榎本　達也,山形　辰徳,チャ　ヨンファン,中野　洋司,イ　ミンス,廣瀬　浩二,西澤　代志也,小野寺　達也,湯澤　洋介,重松　健太郎,瀬沼　優司
16122,1,0,曇のち晴,24.1,42%,塚田　健太,大分トリニータ,武田　洋平,安川　有,阪田　章裕,高木　和道,西　弘則,伊藤　大介,末吉　隼也,松本　昌也,松本　怜,風間　宏矢,チェ　ジョンハン,横浜ＦＣ,渋谷　飛翔,市村　篤司,ドウグラス,野上　結貴,永田　拓也,松下　裕樹,安　英学,小池　純輝,寺田　紳一,黒津　勝,野崎　陽介
16125,5,1,晴,21.1,53%,松尾　一,水戸ホーリーホック,本間　幸司,新里　亮,金　聖基,田中　雄大,内田　航平,中里　崇宏,広瀬　陸斗,小澤　司,船谷　圭祐,馬場　賢治,三島　康平,京都サンガF.C.,杉本　大地,石櫃　洋祐,酒井　隆介,バヤリッツァ,比嘉　祐介,ジャイロ,工藤　浩平,中山　博貴,三平　和司,大黒　将志,横谷　繁
16128,0,1,晴,20.6,49%,村上　伸次,カターレ富山,水谷　雄一,木村　勝太,吉川　拓也,御厨　貴文,平出　涼,木本　敬介,キム　ヨングン,秋本　倫孝,中島　翔哉,白崎　凌兵,苔口　卓也,ジュビロ磐田,八田　直樹,駒野　友一,木下　高彰,藤田　義明,櫻内　渚,松井　大輔,フェルジナンド,小林　祐希,山田　大記,ポポ,前田　遼一
16144,0,1,晴,30.4,29%,岡部　拓人,ギラヴァンツ北九州,大谷　幸輝,星原　健太,渡邉　将基,市川　恵多,冨士　祐樹,鈴木　修人,風間　宏希,渡　大生,小手川　宏基,原　一樹,池元　友樹,栃木ＳＣ,鈴木　智幸,山形　辰徳,赤井　秀行,ドゥドゥ,鈴木　隆雅,近藤　祐介,廣瀬　浩二,岡根　直哉,湯澤　洋介,重松　健太郎,瀬沼　優司
16168,2,2,晴,26.3,32%,野田　祐樹,横浜ＦＣ,南　雄太,市村　篤司,ドウグラス,野上　結貴,中島　崇典,松下　年宏,安　英学,寺田　紳一,野崎　陽介,黒津　勝,パク　ソンホ,コンサドーレ札幌,金山　隼樹,上原　慎也,パウロン,奈良　竜樹,上原　拓郎,河合　竜二,上里　一将,荒野　拓馬,宮澤　裕樹,石井　謙伍,都倉　賢
16178,0,3,雨,24.0,91%,榎本　一慶,カマタマーレ讃岐,瀬口　拓弥,武田　有祐,岡村　和哉,藤井　航大,藤田　浩平,山本　翔平,綱田　大志,小澤　雄希,高木　和正,木島　良輔,持留　新作,モンテディオ山形,山岸　範宏,山田　拓巳,イ　ジュヨン,當間　建文,石川　竜也,宮阪　政樹,ディエゴ,松岡　亮輔,秋葉　勝,中島　裕希,比嘉　厚平
16181,0,0,雨,22.6,83%,高山　啓義,ファジアーノ岡山,椎名　一馬,久木田　紳吾,後藤　圭太,田所　諒,田中　奏一,千明　聖典,上田　康太,三村　真,石原　崇兆,片山　瑛一,清水　慎太郎,横浜ＦＣ,南　雄太,市村　篤司,野上　結貴,ドウグラス,中島　崇典,松下　裕樹,安　英学,寺田　紳一,小池　純輝,黒津　勝,パク　ソンホ
16196,1,2,曇,22.7,76%,森川　浩次,東京ヴェルディ,佐藤　優也,田中　貴大,金　鐘必,井林　章,安在　和樹,ニウド,鈴木　惇,安西　幸輝,南　秀仁,永井　秀樹,平本　一樹,モンテディオ山形,山岸　範宏,山田　拓巳,イ　ジュヨン,當間　建文,石川　竜也,宮阪　政樹,ディエゴ,松岡　亮輔,秋葉　勝,中島　裕希,伊東　俊
16199,0,3,曇,22.7,84%,吉田　哲朗,ギラヴァンツ北九州,大谷　幸輝,星原　健太,渡邉　将基,前田　和哉,冨士　祐樹,鈴木　修人,八角　剛史,小手川　宏基,井上　翔太,原　一樹,池元　友樹,愛媛ＦＣ,児玉　剛,村上　佑介,ハン　ヒフン,西岡　大輝,キム　ミンジェ,渡邊　一仁,吉村　圭司,堀米　勇輝,藤　直也,西田　剛,河原　和寿
16207,1,2,晴,22.9,82%,岡　宏道,モンテディオ山形,山岸　範宏,當間　建文,イ　ジュヨン,石井　秀典,石川　竜也,宮阪　政樹,ディエゴ,松岡　亮輔,秋葉　勝,中島　裕希,伊東　俊,ギラヴァンツ北九州,大谷　幸輝,星原　健太,渡邉　将基,前田　和哉,冨士　祐樹,八角　剛史,風間　宏希,小手川　宏基,内藤　洋平,原　一樹,渡　大生
16208,2,0,晴時々曇,22.9,89%,塚田　智宏,水戸ホーリーホック,笠原　昂史,新里　亮,冨田　大介,田中　雄大,小澤　司,中里　崇宏,広瀬　陸斗,小谷野　顕治,鈴木　雄斗,船谷　圭祐,鈴木　隆行,ザスパクサツ群馬,富居　大樹,小柳　達司,クォン　ハンジン,青木　良太,瀬川　和樹,坂井　洋平,加藤　弘堅,永田　亮太,青木　孝太,ダニエル　ロビーニョ,宮崎　泰右
16216,0,0,晴,26.2,72%,野田　祐樹,愛媛ＦＣ,児玉　剛,村上　佑介,ハン　ヒフン,西岡　大輝,キム　ミンジェ,渡邊　一仁,吉村　圭司,堀米　勇輝,藤　直也,西田　剛,河原　和寿,京都サンガF.C.,オ　スンフン,石櫃　洋祐,酒井　隆介,バヤリッツァ,駒井　善成,田森　大己,工藤　浩平,山瀬　功治,中山　博貴,伊藤　優汰,三平　和司
16218,4,0,晴,29.4,57%,松尾　一,横浜ＦＣ,南　雄太,市村　篤司,野上　結貴,ドウグラス,中島　崇典,寺田　紳一,松下　裕樹,松下　年宏,小池　純輝,野崎　陽介,パク　ソンホ,ジュビロ磐田,八田　直樹,駒野　友一,藤田　義明,菅沼　駿哉,宮崎　智彦,岡田　隆,山崎　亮平,松井　大輔,小林　祐希,阿部　吉朗,ポポ
16229,0,0,晴,25.6,82%,塚田　健太,水戸ホーリーホック,本間　幸司,細川　淳矢,新里　亮,尾本　敬,田中　雄大,内田　航平,西岡　謙太,鈴木　雄斗,吉田　眞紀人,三島　康平,馬場　賢治,Ｖ・ファーレン長崎,中村　隼,岡本　拓也,山口　貴弘,髙杉　亮太,神崎　大輔,黒木　聖仁,三原　雅俊,野田　紘史,奥埜　博亮,スティッペ,イ　ヨンジェ
16238,0,0,晴,27.9,61%,三上　正一郎,ザスパクサツ群馬,富居　大樹,小柳　達司,クォン　ハンジン,青木　良太,瀬川　和樹,坂井　洋平,加藤　弘堅,永田　亮太,青木　孝太,ダニエル　ロビーニョ,宮崎　泰右,ギラヴァンツ北九州,大谷　幸輝,宮本　亨,渡邉　将基,前田　和哉,冨士　祐樹,八角　剛史,風間　宏希,小手川　宏基,井上　翔太,渡　大生,大島　秀夫
16242,1,1,曇,26.9,84%,山本　雄大,ジュビロ磐田,八田　直樹,駒野　友一,菅沼　駿哉,伊野波　雅彦,森下　俊,藤田　義明,小林　祐希,ペク　ソンドン,松井　大輔,チンガ,阿部　吉朗,松本山雅ＦＣ,村山　智彦,田中　隼磨,犬飼　智也,飯田　真輝,多々良　敦斗,岩間　雄大,喜山　康平,岩沼　俊介,岩上　祐三,サビア,船山　貴之
16245,0,2,雨,27.5,92%,池内　明彦,Ｖ・ファーレン長崎,中村　隼,岡本　拓也,山口　貴弘,髙杉　亮太,神崎　大輔,黒木　聖仁,三原　雅俊,野田　紘史,佐藤　洸一,奥埜　博亮,スティッペ,ＦＣ岐阜,川口　能活,木谷　公亮,中村　英之,阿部　正紀,岩﨑　陽平,ヘニキ,髙地　系治,比嘉　諒人,清本　拓己,井上　平,難波　宏明
16250,0,1,屋内,24.0,61%,前田　拓哉,コンサドーレ札幌,金山　隼樹,石井　謙伍,パウロン,奈良　竜樹,上原　慎也,深井　一希,上里　一将,荒野　拓馬,宮澤　裕樹,小野　伸二,内村　圭宏,京都サンガF.C.,オ　スンフン,駒井　善成,内野　貴志,酒井　隆介,石櫃　洋祐,田森　大己,田中　英雄,山瀬　功治,石田　雅俊,中山　博貴,大黒　将志
16251,1,1,雨のち曇,26.7,92%,森川　浩次,水戸ホーリーホック,本間　幸司,新里　亮,冨田　大介,田中　雄大,石神　幸征,西岡　謙太,広瀬　陸斗,小澤　司,船谷　圭祐,吉田　眞紀人,鈴木　隆行,ギラヴァンツ北九州,大谷　幸輝,星原　健太,渡邉　将基,前田　和哉,冨士　祐樹,八角　剛史,風間　宏希,小手川　宏基,内藤　洋平,原　一樹,池元　友樹
16254,1,1,曇,28.7,74%,野田　祐樹,カターレ富山,柴田　大地,御厨　貴文,秋本　倫孝,高　准翼,木村　勝太,井澤　惇,平出　涼,内田　健太,白崎　凌兵,中島　翔哉,宮吉　拓実,モンテディオ山形,山岸　範宏,小林　亮,西河　翔吾,石井　秀典,石川　竜也,松岡　亮輔,ロメロ　フランク,宮阪　政樹,秋葉　勝,中島　裕希,伊東　俊
16263,2,2,晴,26.2,78%,吉田　哲朗,ザスパクサツ群馬,富居　大樹,小柳　達司,クォン　ハンジン,青木　良太,瀬川　和樹,坂井　洋平,黄　誠秀,小林　竜樹,青木　孝太,ダニエル　ロビーニョ,宮崎　泰右,ＦＣ岐阜,川口　能活,木谷　公亮,中村　英之,阿部　正紀,益山　司,ヘニキ,宮沢　正史,田中　秀人,遠藤　純輝,髙地　系治,ナザリト
16311,0,2,晴,25.3,64%,前田　拓哉,カマタマーレ讃岐,瀬口　拓弥,武田　有祐,エブソン,藤井　航大,沼田　圭悟,大沢　朋也,岡村　和哉,高木　和正,西野　泰正,木島　良輔,小澤　雄希,湘南ベルマーレ,秋元　陽太,菊地　俊介,丸山　祐市,三竿　雄斗,藤田　征也,岩尾　憲,永木　亮太,亀川　諒史,大竹　洋平,ウェリントン,武富　孝介
16314,1,1,曇,25.7,59%,井上　知大,Ｖ・ファーレン長崎,植草　裕樹,髙杉　亮太,山口　貴弘,野田　紘史,古部　健太,奥埜　博亮,三原　雅俊,石神　直哉,佐藤　洸一,東　浩史,スティッペ,ジュビロ磐田,八田　直樹,坪内　秀介,藤田　義明,森下　俊,櫻内　渚,フェルジナンド,小林　祐希,宮崎　智彦,チンガ,松井　大輔,前田　遼一
16322,0,0,晴,21.1,37%,長谷　拓,松本山雅ＦＣ,村山　智彦,田中　隼磨,犬飼　智也,飯田　真輝,多々良　敦斗,岩間　雄大,ユン　ソンヨル,岩上　祐三,飯尾　竜太朗,船山　貴之,サビア,カマタマーレ讃岐,瀬口　拓弥,西野　泰正,エブソン,藤井　航大,武田　有祐,古田　寛幸,堀河　俊大,沼田　圭悟,アンドレア,木島　良輔,小澤　雄希
16331,0,1,晴,25.2,51%,森川　浩次,カターレ富山,廣永　遼太郎,池端　陽介,秋本　倫孝,パク　テホン,木本　敬介,キム　ヨングン,井澤　惇,前　貴之,白崎　凌兵,宮吉　拓実,苔口　卓也,ザスパクサツ群馬,富居　大樹,久富　良輔,有薗　真吾,クォン　ハンジン,小柳　達司,瀬川　和樹,加藤　弘堅,永田　亮太,青木　孝太,ダニエル　ロビーニョ,平繁　龍一
16335,2,2,晴,25.0,52%,上田　益也,愛媛ＦＣ,児玉　剛,村上　佑介,林堂　眞,浦田　延尚,キム　ミンジェ,渡邊　一仁,村上　巧,堀米　勇輝,藤　直也,西田　剛,表原　玄太,ジェフユナイテッド千葉,岡本　昌弘,山口　慶,キム　ヒョヌン,大岩　一貴,中村　太亮,佐藤　勇人,ナム　スンウ,井出　遥也,町田　也真人,谷澤　達也,森本　貴幸
16344,2,0,晴,24.1,70%,野田　祐樹,ジュビロ磐田,八田　直樹,櫻内　渚,伊野波　雅彦,森下　俊,駒野　友一,フェルジナンド,藤田　義明,松浦　拓弥,小林　祐希,松井　大輔,前田　遼一,愛媛ＦＣ,児玉　剛,代　健司,林堂　眞,浦田　延尚,キム　ミンジェ,渡邊　一仁,村上　巧,堀米　勇輝,藤　直也,西田　剛,河原　和寿
16352,1,0,曇,25.1,52%,野田　祐樹,東京ヴェルディ,佐藤　優也,安西　幸輝,井林　章,金　鐘必,安在　和樹,ニウド,中後　雅喜,澤井　直人,鈴木　惇,平本　一樹,杉本　竜士,ロアッソ熊本,畑　実,黒木　晃平,園田　拓也,橋本　拳人,片山　奨典,澤田　崇,中山　雄登,髙柳　一誠,仲間　隼斗,岡本　賢明,齊藤　和樹
16362,2,3,晴,17.3,68%,井上　知大,水戸ホーリーホック,本間　幸司,田向　泰輝,金　聖基,新里　亮,田中　雄大,船谷　圭祐,石神　幸征,鈴木　雄斗,小澤　司,三島　康平,吉田　眞紀人,カターレ富山,廣永　遼太郎,池端　陽介,パク　テホン,平出　涼,前　貴之,井澤　惇,大西　容平,内田　健太,木本　敬介,宮吉　拓実,苔口　卓也
16376,1,2,晴,24.0,59%,前田　拓哉,カマタマーレ讃岐,瀬口　拓弥,武田　有祐,エブソン,藤井　航大,小澤　雄希,古田　寛幸,山本　翔平,岡村　和哉,高木　和正,高橋　泰,アンドレア,愛媛ＦＣ,児玉　剛,ハン　ヒフン,村上　佑介,林堂　眞,浦田　延尚,三原　向平,渡邊　一仁,原川　力,堀米　勇輝,西田　剛,河原　和寿
16382,2,0,屋内,21.8,51%,前田　拓哉,コンサドーレ札幌,李　昊乗,パウロン,河合　竜二,奈良　竜樹,荒野　拓馬,宮澤　裕樹,上里　一将,石井　謙伍,前田　俊介,中原　彰吾,都倉　賢,湘南ベルマーレ,秋元　陽太,遠藤　航,丸山　祐市,島村　毅,藤田　征也,熊谷　アンドリュー,岩尾　憲,三竿　雄斗,大竹　洋平,岡田　翔平,武富　孝介
16384,0,0,曇時々晴,22.3,75%,小屋　幸栄,水戸ホーリーホック,笠原　昂史,新里　亮,金　聖基,尾本　敬,田中　雄大,西岡　謙太,広瀬　陸斗,船谷　圭祐,吉田　眞紀人,鈴木　隆行,馬場　賢治,カマタマーレ讃岐,瀬口　拓弥,武田　有祐,岡村　和哉,藤井　航大,小澤　雄希,西野　泰正,山本　翔平,高木　和正,沼田　圭悟,高橋　泰,アンドレア
16385,1,1,曇,21.6,74%,吉田　哲朗,栃木ＳＣ,鈴木　智幸,山形　辰徳,チャ　ヨンファン,岡根　直哉,荒堀　謙次,廣瀬　浩二,小野寺　達也,本間　勲,近藤　祐介,杉本　真,大久保　哲哉,アビスパ福岡,神山　竜一,イ　グァンソン,パク　ゴン,堤　俊輔,古賀　正紘,中原　秀人,金森　健志,阿部　巧,平井　将生,城後　寿,酒井　宣福
16394,2,2,雨,17.2,92%,岡部　拓人,ジェフユナイテッド千葉,高木　駿,山口　慶,キム　ヒョヌン,山口　智,中村　太亮,佐藤　勇人,兵働　昭弘,幸野　志有人,町田　也真人,谷澤　達也,森本　貴幸,ジュビロ磐田,八田　直樹,小川　大貴,伊野波　雅彦,森下　俊,駒野　友一,藤田　義明,宮崎　智彦,松浦　拓弥,小林　祐希,松井　大輔,前田　遼一
16398,2,3,雨,17.3,80%,吉田　哲朗,ＦＣ岐阜,川口　能活,益山　司,ヘニキ,阿部　正紀,森　勇介,水野　泰輔,宮沢　正史,比嘉　諒人,髙地　系治,遠藤　純輝,ナザリト,大分トリニータ,武田　洋平,土岐田　洸平,高木　和道,ダニエル,松本　怜,末吉　隼也,キム　ジョンヒョン,西　弘則,為田　大貴,風間　宏矢,林　容平
16400,1,1,曇時々晴,22.9,79%,窪田　陽輔,カマタマーレ讃岐,瀬口　拓弥,武田　有祐,岡村　和哉,藤井　航大,小澤　雄希,沼田　圭悟,山本　翔平,高木　和正,アンドレア,高橋　泰,古田　寛幸,ギラヴァンツ北九州,大谷　幸輝,星原　健太,渡邉　将基,前田　和哉,冨士　祐樹,八角　剛史,風間　宏希,小手川　宏基,内藤　洋平,原　一樹,池元　友樹
16403,1,3,曇,20.2,85%,塚田　健太,ロアッソ熊本,畑　実,篠原　弘次郎,園田　拓也,橋本　拳人,キム　ビョンヨン,中山　雄登,養父　雄仁,髙柳　一誠,嶋田　慎太郎,澤田　崇,齊藤　和樹,モンテディオ山形,山岸　範宏,山田　拓巳,イ　ジュヨン,石井　秀典,當間　建文,松岡　亮輔,宮阪　政樹,伊東　俊,山﨑　雅人,ディエゴ,川西　翔太
16428,1,0,晴,16.6,44%,岡　宏道,栃木ＳＣ,榎本　達也,山形　辰徳,岡根　直哉,チャ　ヨンファン,中野　洋司,廣瀬　浩二,小野寺　達也,本間　勲,荒堀　謙次,杉本　真,西川　優大,Ｖ・ファーレン長崎,植草　裕樹,岡本　拓也,髙杉　亮太,古部　健太,神崎　大輔,井上　裕大,三原　雅俊,石神　直哉,奥埜　博亮,小松　塁,佐藤　洸一
16430,1,0,晴,18.6,30%,井上　知大,横浜ＦＣ,南　雄太,小池　純輝,野上　結貴,西嶋　弘之,中島　崇典,渡辺　匠,寺田　紳一,内田　智也,野崎　陽介,野村　直輝,黒津　勝,ギラヴァンツ北九州,大谷　幸輝,星原　健太,渡邉　将基,前田　和哉,多田　高行,八角　剛史,新井　純平,小手川　宏基,内藤　洋平,原　一樹,池元　友樹
