,ranking,player_name,player_age,player_position,team_name,annual_salary
0,1,フォルラン,38,FW,セレッソ大阪,346500000
1,2,マルキーニョス,41,FW,ヴィッセル神戸,150000000
2,2,遠藤　保仁,37,MF,ガンバ大阪,150000000
3,2,田中　マルクス闘莉王,36,DF,名古屋グランパス,150000000
4,5,中村　俊輔,39,MF,横浜F・マリノス,130000000
5,6,中澤　佑二,39,DF,横浜F・マリノス,120000000
6,6,ペドロ　ジュニオール,30,FW,ヴィッセル神戸,120000000
7,8,今野　泰幸,34,DF,ガンバ大阪,110000000
8,9,ケネディ,35,FW,名古屋グランパス,100000000
9,9,マルシオ　リシャルデス,35,MF,浦和レッズ,100000000
10,9,阿部　勇樹,36,MF,浦和レッズ,100000000
11,9,中村　憲剛,37,MF,川崎フロンターレ,100000000
12,9,シンプリシオ,38,MF,ヴィッセル神戸,100000000
13,9,ドゥトラ,44,DF,横浜F・マリノス,100000000
14,15,大久保　嘉人,35,FW,川崎フロンターレ,90000000
15,15,楢﨑　正剛,41,GK,名古屋グランパス,90000000
16,17,西川　周作,31,GK,浦和レッズ,80000000
17,17,小笠原　満男,38,MF,鹿島アントラーズ,80000000
18,17,レアンドロ,32,FW,柏レイソル,80000000
19,17,レアンドロ　ドミンゲス,34,MF,柏レイソル,80000000
20,17,カルリーニョス,34,MF,大宮アルディージャ,80000000
21,17,鈴木　啓太,36,MF,浦和レッズ,80000000
22,17,稲本　潤一,38,DF,川崎フロンターレ,80000000
23,24,栗原　勇蔵,34,DF,横浜F・マリノス,70000000
24,24,エドゥー,35,FW,FC東京,70000000
25,24,興梠　慎三,31,FW,浦和レッズ,70000000
26,24,曽ヶ端　準,38,GK,鹿島アントラーズ,70000000
27,24,ズラタン,33,FW,大宮アルディージャ,70000000
28,24,ノヴァコヴィッチ,38,FW,清水エスパルス,70000000
29,24,ウイルソン,32,FW,ベガルタ仙台,70000000
30,31,玉田　圭司,37,FW,名古屋グランパス,65000000
31,32,カルフィン　ヨン　ア　ピン,31,DF,清水エスパルス,60000000
32,32,柏木　陽介,29,MF,浦和レッズ,60000000
33,32,藤本　淳吾,33,MF,横浜F・マリノス,60000000
34,32,槙野　智章,30,DF,浦和レッズ,60000000
35,32,ダヴィ,33,FW,鹿島アントラーズ,60000000
36,32,リンス,30,FW,ガンバ大阪,60000000
37,32,佐藤　寿人,35,FW,サンフレッチェ広島,60000000
38,39,徳永　悠平,34,DF,FC東京,58000000
39,40,坪井　慶介,38,DF,浦和レッズ,55000000
40,40,ミキッチ,37,MF,サンフレッチェ広島,55000000
41,42,ダニルソン,31,MF,名古屋グランパス,52000000
42,43,ジェシ,37,DF,川崎フロンターレ,50000000
43,43,ラドンチッチ,34,FW,大宮アルディージャ,50000000
44,43,家長　昭博,31,MF,大宮アルディージャ,50000000
45,43,曺　永哲,28,MF,大宮アルディージャ,50000000
46,43,大前　元紀,27,FW,清水エスパルス,50000000
47,43,梶山　陽平,32,MF,FC東京,50000000
48,43,森重　真人,30,DF,FC東京,50000000
49,43,マテウス,32,DF,FC東京,50000000
50,43,李　忠成,31,FW,浦和レッズ,50000000
51,43,石川　直宏,36,MF,FC東京,50000000
52,43,レオ　シルバ,31,MF,アルビレックス新潟,50000000
53,43,柿谷　曜一朗,27,MF,セレッソ大阪,50000000
54,43,森﨑　和幸,36,MF,サンフレッチェ広島,50000000
55,43,青山　敏弘,31,MF,サンフレッチェ広島,50000000
56,43,ルイス　アルベルト,34,MF,鹿島アントラーズ,50000000
57,43,富澤　清太郎,35,MF,横浜F・マリノス,50000000
58,59,加地　亮,37,DF,ガンバ大阪,45000000
59,59,髙萩　洋次郎,31,MF,サンフレッチェ広島,45000000
60,59,森脇　良太,31,DF,浦和レッズ,45000000
61,59,平川　忠亮,38,MF,浦和レッズ,45000000
62,59,青木　剛,35,DF,鹿島アントラーズ,45000000
63,59,レナト,29,FW,川崎フロンターレ,45000000
64,65,梁　勇基,35,MF,ベガルタ仙台,42000000
65,65,水本　裕貴,32,DF,サンフレッチェ広島,42000000
66,67,山岸　範宏,39,GK,浦和レッズ,40000000
67,67,那須　大亮,36,DF,浦和レッズ,40000000
68,67,田代　有三,35,FW,ヴィッセル神戸,40000000
69,67,青木　拓矢,28,MF,浦和レッズ,40000000
70,67,永田　充,34,DF,浦和レッズ,40000000
71,67,エブソン,26,DF,ガンバ大阪,40000000
72,67,石原　直樹,33,FW,サンフレッチェ広島,40000000
73,67,本田　拓也,32,MF,清水エスパルス,40000000
74,67,杉山　浩太,32,MF,清水エスパルス,40000000
75,67,林　卓人,35,GK,サンフレッチェ広島,40000000
76,67,菅野　孝憲,33,GK,柏レイソル,40000000
77,67,渡邉　千真,31,FW,FC東京,40000000
78,67,大谷　秀和,33,MF,柏レイソル,40000000
79,67,小川　佳純,33,MF,名古屋グランパス,40000000
80,67,ヘジス,28,MF,名古屋グランパス,40000000
81,82,宇佐美　貴史,25,FW,ガンバ大阪,38000000
82,82,近藤　直也,34,DF,柏レイソル,38000000
83,82,中村　直志,38,MF,名古屋グランパス,38000000
84,85,太田　宏介,30,DF,FC東京,36000000
85,86,キム　ジンヒョン,30,GK,セレッソ大阪,35000000
86,86,工藤　壮人,27,FW,柏レイソル,35000000
87,86,栗澤　僚一,35,MF,柏レイソル,35000000
88,86,東口　順昭,31,GK,ガンバ大阪,35000000
89,86,権田　修一,28,GK,FC東京,35000000
90,86,橋本　英郎,38,MF,ヴィッセル神戸,35000000
91,86,菊地　光将,31,DF,大宮アルディージャ,35000000
92,86,千葉　和彦,32,DF,サンフレッチェ広島,35000000
93,86,岩下　敬輔,31,DF,ガンバ大阪,35000000
94,95,倉田　秋,28,MF,ガンバ大阪,33000000
95,95,明神　智和,39,MF,ガンバ大阪,33000000
96,97,田中　裕介,31,DF,川崎フロンターレ,32000000
97,98,藤本　康太,31,DF,セレッソ大阪,30000000
98,98,平岡　康裕,31,DF,清水エスパルス,30000000
99,98,新井場　徹,38,DF,セレッソ大阪,30000000
100,98,二川　孝広,37,MF,ガンバ大阪,30000000
101,98,長谷川　アーリアジャスール,29,MF,セレッソ大阪,30000000
102,98,山口　蛍,27,MF,セレッソ大阪,30000000
103,98,野沢　拓也,36,MF,鹿島アントラーズ,30000000
104,98,東　慶悟,27,MF,FC東京,30000000
105,98,兵藤　慎剛,32,MF,横浜F・マリノス,30000000
106,98,中町　公祐,32,MF,横浜F・マリノス,30000000
107,98,矢島　卓郎,33,FW,横浜F・マリノス,30000000
108,98,田中　達也,34,FW,アルビレックス新潟,30000000
109,98,小林　祐三,32,DF,横浜F・マリノス,30000000
110,98,塩谷　司,28,DF,サンフレッチェ広島,30000000
111,98,豊田　陽平,32,FW,サガン鳥栖,30000000
112,98,永井　謙佑,28,FW,名古屋グランパス,30000000
113,98,関口　訓充,31,MF,浦和レッズ,30000000
114,98,中田　浩二,38,DF,鹿島アントラーズ,30000000
115,98,安田　理大,29,DF,サガン鳥栖,30000000
116,98,増嶋　竜也,32,DF,柏レイソル,30000000
117,98,山岸　智,34,MF,サンフレッチェ広島,30000000
118,98,梅崎　司,30,MF,浦和レッズ,30000000
119,98,相馬　崇人,35,DF,ヴィッセル神戸,30000000
120,98,北本　久仁衛,36,DF,ヴィッセル神戸,30000000
121,98,河本　裕之,32,DF,ヴィッセル神戸,30000000
122,98,渡邉　大剛,32,MF,大宮アルディージャ,30000000
123,98,小椋　祥平,32,MF,横浜F・マリノス,30000000
124,98,加賀　健一,34,DF,FC東京,30000000
125,98,ミッチ　ニコルス,28,MF,セレッソ大阪,30000000
126,98,赤嶺　真吾,33,FW,ベガルタ仙台,30000000
127,98,増川　隆洋,38,DF,ヴィッセル神戸,30000000
128,98,高橋　秀人,30,MF,FC東京,30000000
129,98,金澤　慎,34,MF,大宮アルディージャ,30000000
130,98,北野　貴之,35,GK,大宮アルディージャ,30000000
131,98,パウリーニョ,28,MF,川崎フロンターレ,30000000
132,98,平山　相太,32,FW,FC東京,30000000
133,98,クリスティアーノ,30,FW,ヴァンフォーレ甲府,30000000
134,98,ジウシーニョ,33,FW,ヴァンフォーレ甲府,30000000
135,136,田中　順也,30,FW,柏レイソル,28000000
136,137,角田　誠,34,DF,ベガルタ仙台,26000000
137,137,枝村　匠馬,31,MF,名古屋グランパス,26000000
138,139,柴﨑　晃誠,33,MF,サンフレッチェ広島,25000000
139,139,小川　慶治朗,25,FW,ヴィッセル神戸,25000000
140,139,加藤　順大,32,GK,浦和レッズ,25000000
141,139,森﨑　浩司,36,MF,サンフレッチェ広島,25000000
142,139,榎本　哲也,34,GK,横浜F・マリノス,25000000
143,139,ファン　ソッコ,28,DF,サンフレッチェ広島,25000000
144,139,柏　好文,30,MF,サンフレッチェ広島,25000000
145,139,本間　勲,36,MF,アルビレックス新潟,25000000
146,139,本山　雅志,38,MF,鹿島アントラーズ,25000000
147,139,川又　堅碁,28,FW,アルビレックス新潟,25000000
148,139,中澤　聡太,35,DF,川崎フロンターレ,25000000
149,139,原口　元気,26,FW,浦和レッズ,25000000
150,139,米本　拓司,26,MF,FC東京,25000000
151,139,徳重　健太,33,GK,ヴィッセル神戸,25000000
152,139,村松　大輔,27,DF,清水エスパルス,25000000
153,139,扇原　貴宏,26,DF,セレッソ大阪,25000000
154,139,酒本　憲幸,33,MF,セレッソ大阪,25000000
155,139,高木　俊幸,26,FW,清水エスパルス,25000000
156,139,安藤　淳,33,DF,セレッソ大阪,25000000
157,139,遠藤　康,29,MF,鹿島アントラーズ,25000000
158,139,山本　海人,32,GK,ヴィッセル神戸,25000000
159,160,柳沢　敦,40,FW,ベガルタ仙台,24000000
160,160,上田　康太,31,MF,大宮アルディージャ,24000000
161,162,矢野　貴章,33,FW,名古屋グランパス,23000000
162,162,長谷川　悠,30,FW,大宮アルディージャ,23000000
163,162,刀根　亮輔,26,DF,名古屋グランパス,23000000
164,165,クレイトン　ドミンゲス,29,MF,徳島ヴォルティス,22000000
165,165,田口　泰士,26,MF,名古屋グランパス,22000000
166,167,羽生　直剛,37,MF,FC東京,20000000
167,167,柴崎　岳,25,MF,鹿島アントラーズ,20000000
168,167,山下　達也,30,DF,セレッソ大阪,20000000
169,167,鎌田　次郎,32,DF,ベガルタ仙台,20000000
170,167,上本　大海,35,DF,ベガルタ仙台,20000000
171,167,太田　吉彰,34,MF,ベガルタ仙台,20000000
172,167,菅井　直樹,33,MF,ベガルタ仙台,20000000
173,167,丸橋　祐介,27,MF,セレッソ大阪,20000000
174,167,中村　北斗,32,DF,大宮アルディージャ,20000000
175,167,西　大伍,30,DF,鹿島アントラーズ,20000000
176,167,塩田　仁史,36,GK,FC東京,20000000
177,167,ドウグラス,29,FW,徳島ヴォルティス,20000000
178,167,マルキーニョス　パラナ,40,MF,ヴァンフォーレ甲府,20000000
179,167,ヤコヴィッチ,32,DF,清水エスパルス,20000000
180,167,アレックス,34,MF,徳島ヴォルティス,20000000
181,167,藤春　廣輝,28,DF,ガンバ大阪,20000000
182,167,吉田　豊,27,DF,清水エスパルス,20000000
183,167,井川　祐輔,35,DF,川崎フロンターレ,20000000
184,167,山本　真希,30,MF,川崎フロンターレ,20000000
185,167,小宮山　尊信,33,DF,川崎フロンターレ,20000000
186,167,茂木　弘人,33,DF,ヴィッセル神戸,20000000
187,167,チョン　ウヨン,27,MF,ヴィッセル神戸,20000000
188,167,森岡　亮太,26,MF,ヴィッセル神戸,20000000
189,167,田中　英雄,34,MF,ヴィッセル神戸,20000000
190,167,高木　善朗,24,MF,清水エスパルス,20000000
191,167,阿部　翔平,33,DF,ヴァンフォーレ甲府,20000000
192,167,成岡　翔,33,MF,アルビレックス新潟,20000000
193,167,谷口　博之,32,MF,サガン鳥栖,20000000
194,167,下平　匠,29,DF,横浜F・マリノス,20000000
195,167,ファビオ,28,DF,横浜F・マリノス,20000000
196,167,齋藤　学,27,MF,横浜F・マリノス,20000000
197,198,宇賀神　友弥,29,MF,浦和レッズ,18000000
198,198,村上　和弘,36,DF,大宮アルディージャ,18000000
199,198,千代反田　充,37,DF,徳島ヴォルティス,18000000
200,198,田中　亜土夢,30,MF,アルビレックス新潟,18000000
201,198,河井　陽介,28,MF,清水エスパルス,18000000
202,198,ホージェル　ガウーショ,31,MF,アルビレックス新潟,18000000
203,198,高橋　峻希,27,DF,ヴィッセル神戸,18000000
204,198,丹羽　大輝,31,DF,ガンバ大阪,18000000
205,206,富田　晋伍,31,MF,ベガルタ仙台,17000000
206,206,坪内　秀介,34,DF,アルビレックス新潟,17000000
207,206,佐々木　勇人,34,MF,ベガルタ仙台,17000000
208,206,石川　直樹,32,DF,ベガルタ仙台,17000000
209,210,藤田　征也,30,MF,アルビレックス新潟,16000000
210,210,マグリンチィ,30,MF,ベガルタ仙台,16000000
211,210,岡本　英也,30,FW,アルビレックス新潟,16000000
212,213,端戸　仁,27,FW,横浜F・マリノス,15000000
213,213,武井　択也,31,MF,ベガルタ仙台,15000000
214,213,渡部　大輔,28,DF,大宮アルディージャ,15000000
215,213,横山　知伸,32,MF,大宮アルディージャ,15000000
216,213,小林　悠,30,FW,川崎フロンターレ,15000000
217,213,三門　雄大,30,MF,横浜F・マリノス,15000000
218,213,鈴木　大輔,27,DF,柏レイソル,15000000
219,213,狩野　健太,31,MF,柏レイソル,15000000
220,213,橋本　和,31,DF,柏レイソル,15000000
221,213,飯倉　大樹,31,GK,横浜F・マリノス,15000000
222,213,磯村　亮太,26,MF,名古屋グランパス,15000000
223,213,山田　直輝,27,MF,浦和レッズ,15000000
224,213,津田　知宏,31,FW,徳島ヴォルティス,15000000
225,213,山村　和也,27,DF,鹿島アントラーズ,15000000
226,213,片岡　洋介,35,DF,大宮アルディージャ,15000000
227,213,茨田　陽生,26,MF,柏レイソル,15000000
228,213,橋本　晃司,31,MF,大宮アルディージャ,15000000
229,213,楠神　順平,30,MF,セレッソ大阪,15000000
230,213,米倉　恒貴,29,DF,ガンバ大阪,15000000
231,213,杉本　健勇,25,FW,セレッソ大阪,15000000
232,213,大井　健太郎,33,DF,アルビレックス新潟,15000000
233,213,金　珍洙,25,DF,アルビレックス新潟,15000000
234,213,椋原　健太,28,DF,FC東京,15000000
235,213,染谷　悠太,31,DF,セレッソ大阪,15000000
236,213,青山　直晃,31,DF,ヴァンフォーレ甲府,15000000
237,213,水野　晃樹,32,MF,ヴァンフォーレ甲府,15000000
238,239,斉藤　大介,37,MF,徳島ヴォルティス,14000000
239,239,林　彰洋,30,GK,サガン鳥栖,14000000
240,239,濱田　武,34,MF,徳島ヴォルティス,14000000
241,239,石原　克哉,39,MF,ヴァンフォーレ甲府,14000000
242,243,黒河　貴矢,36,GK,アルビレックス新潟,13000000
243,243,小林　裕紀,29,MF,アルビレックス新潟,13000000
244,243,野田　隆之介,29,FW,名古屋グランパス,13000000
245,246,岩波　拓也,23,DF,ヴィッセル神戸,12000000
246,246,中村　充孝,27,MF,鹿島アントラーズ,12000000
247,246,高橋　祥平,26,DF,大宮アルディージャ,12000000
248,246,清水　航平,28,MF,サンフレッチェ広島,12000000
249,246,奥井　諒,27,DF,ヴィッセル神戸,12000000
250,246,小林　久晃,38,DF,サガン鳥栖,12000000
251,246,村田　和哉,29,MF,清水エスパルス,12000000
252,246,杉浦　恭平,28,MF,ヴィッセル神戸,12000000
253,246,山本　英臣,37,DF,ヴァンフォーレ甲府,12000000
254,246,佐藤　昭大,31,GK,鹿島アントラーズ,12000000
255,246,福元　洋平,30,DF,徳島ヴォルティス,12000000
256,246,江角　浩司,38,GK,大宮アルディージャ,12000000
257,246,河野　広貴,27,MF,FC東京,12000000
258,246,鈴木　規郎,33,DF,ベガルタ仙台,12000000
259,246,盛田　剛平,41,DF,ヴァンフォーレ甲府,12000000
260,246,佐藤　晃大,31,FW,ガンバ大阪,12000000
261,246,石毛　秀樹,23,MF,清水エスパルス,12000000
262,246,渡辺　広大,30,DF,ベガルタ仙台,12000000
263,246,藤田　優人,31,DF,柏レイソル,12000000
264,246,前野　貴徳,29,DF,鹿島アントラーズ,12000000
265,246,キム　チャンス,32,DF,柏レイソル,12000000
266,246,山本　脩斗,32,DF,鹿島アントラーズ,12000000
267,246,武田　博行,33,GK,セレッソ大阪,12000000
268,269,丹羽　竜平,31,DF,サガン鳥栖,11000000
269,269,池田　圭,31,FW,サガン鳥栖,11000000
270,269,石川　大徳,29,DF,ベガルタ仙台,11000000
271,269,高橋　義希,32,MF,サガン鳥栖,11000000
272,269,磯崎　敬太,37,DF,サガン鳥栖,11000000
273,269,菅沼　実,32,MF,サガン鳥栖,11000000
274,275,高木　純平,35,MF,清水エスパルス,10000000
275,275,金　民友,27,MF,サガン鳥栖,10000000
276,275,内田　達也,25,MF,ガンバ大阪,10000000
277,275,大屋　翼,31,MF,ヴィッセル神戸,10000000
278,275,竹内　涼,26,MF,清水エスパルス,10000000
279,275,櫛引　政敏,24,GK,清水エスパルス,10000000
280,275,森島　康仁,30,FW,川崎フロンターレ,10000000
281,275,土居　聖真,25,MF,鹿島アントラーズ,10000000
282,275,イ　キジェ,26,DF,清水エスパルス,10000000
283,275,岡本　知剛,27,MF,サガン鳥栖,10000000
284,275,赤星　拓,33,GK,サガン鳥栖,10000000
285,275,播戸　竜二,38,FW,サガン鳥栖,10000000
286,275,イルファン,29,MF,ヴァンフォーレ甲府,10000000
287,275,武岡　優斗,31,DF,川崎フロンターレ,10000000
288,275,金久保　順,30,MF,川崎フロンターレ,10000000
289,275,高木　義成,38,GK,名古屋グランパス,10000000
290,275,中原　貴之,33,FW,ベガルタ仙台,10000000
291,275,南野　拓実,22,FW,セレッソ大阪,10000000
292,275,ハン　グギョン,27,MF,柏レイソル,10000000
293,275,守田　達弥,27,GK,アルビレックス新潟,10000000
294,275,高山　薫,29,MF,柏レイソル,10000000
295,275,渡部　博文,30,DF,柏レイソル,10000000
296,275,太田　徹郎,28,MF,柏レイソル,10000000
297,275,丹野　研太,31,GK,セレッソ大阪,10000000
298,275,舞行龍ジェームズ,29,DF,アルビレックス新潟,10000000
299,275,三田　啓貴,27,MF,FC東京,10000000
300,275,菊地　直哉,32,DF,サガン鳥栖,10000000
301,275,荻　晃太,34,GK,ヴァンフォーレ甲府,10000000
302,275,登里　享平,27,DF,川崎フロンターレ,10000000
303,275,金井　貢史,27,DF,サガン鳥栖,10000000
304,275,藤田　祥史,34,FW,横浜F・マリノス,10000000
305,275,西部　洋平,36,GK,川崎フロンターレ,10000000
306,307,藤田　直之,30,MF,サガン鳥栖,9000000
307,307,岡崎　建哉,27,MF,ガンバ大阪,9000000
308,307,土屋　征夫,43,DF,ヴァンフォーレ甲府,9000000
309,307,大森　晃太郎,25,MF,ガンバ大阪,9000000
310,307,早坂　良太,32,MF,サガン鳥栖,9000000
311,307,パク　ヒョンジン,27,DF,サンフレッチェ広島,9000000
312,307,實藤　友紀,28,DF,川崎フロンターレ,9000000
313,307,高崎　寛之,31,FW,徳島ヴォルティス,9000000
314,307,水沼　宏太,27,MF,サガン鳥栖,9000000
315,307,青山　隼,29,MF,徳島ヴォルティス,9000000
316,307,福田　健介,33,DF,ヴァンフォーレ甲府,9000000
317,307,野津田　岳人,23,MF,サンフレッチェ広島,9000000
318,307,丸谷　拓也,28,MF,サンフレッチェ広島,9000000
319,307,宮崎　光平,36,MF,徳島ヴォルティス,9000000
320,307,那須川　将大,30,DF,徳島ヴォルティス,9000000
321,307,西野　貴治,24,DF,ガンバ大阪,9000000
322,307,阿部　浩之,28,MF,ガンバ大阪,9000000
323,324,大﨑　淳矢,26,FW,徳島ヴォルティス,8800000
324,325,富山　貴光,26,FW,大宮アルディージャ,8500000
325,325,福田　俊介,31,DF,大宮アルディージャ,8500000
326,325,橋内　優也,30,DF,徳島ヴォルティス,8500000
327,325,今井　智基,26,DF,大宮アルディージャ,8500000
328,329,伊藤　翔,29,FW,横浜F・マリノス,8000000
329,329,佐藤　優平,27,MF,横浜F・マリノス,8000000
330,329,植草　裕樹,35,GK,ヴィッセル神戸,8000000
331,329,大島　僚太,24,MF,川崎フロンターレ,8000000
332,329,髙柳　一誠,31,MF,ヴィッセル神戸,8000000
333,329,八反田　康平,27,MF,ベガルタ仙台,8000000
334,329,大野　和成,28,DF,アルビレックス新潟,8000000
335,329,増田　卓也,28,GK,サンフレッチェ広島,8000000
336,329,衛藤　裕,34,MF,徳島ヴォルティス,8000000
337,329,阪野　豊史,27,FW,浦和レッズ,8000000
338,329,松井　謙弥,32,GK,徳島ヴォルティス,8000000
339,329,松橋　優,32,DF,ヴァンフォーレ甲府,8000000
340,341,廣瀬　智靖,28,MF,徳島ヴォルティス,7500000
341,342,津田　琢磨,37,DF,ヴァンフォーレ甲府,7200000
342,342,新井　涼平,27,MF,ヴァンフォーレ甲府,7200000
343,342,井澤　惇,28,MF,ヴァンフォーレ甲府,7200000
344,342,河本　明人,27,FW,ヴァンフォーレ甲府,7200000
345,342,幸野　志有人,24,MF,FC東京,7200000
346,347,清水　慶記,31,GK,大宮アルディージャ,7000000
347,347,呂　成海,30,DF,サガン鳥栖,7000000
348,347,杉山　力裕,30,GK,川崎フロンターレ,7000000
349,347,オ　ジェソク,27,DF,ガンバ大阪,7000000
350,347,黒木　聖仁,28,MF,セレッソ大阪,7000000
351,347,永井　龍,26,FW,セレッソ大阪,7000000
352,347,廣井　友信,32,DF,清水エスパルス,7000000
353,347,西村　弘司,33,GK,名古屋グランパス,7000000
354,347,相澤　貴志,35,GK,清水エスパルス,7000000
355,347,梅鉢　貴秀,25,MF,鹿島アントラーズ,7000000
356,347,長沢　駿,29,FW,清水エスパルス,7000000
357,347,金　正也,29,DF,ガンバ大阪,7000000
358,347,稲田　康志,32,GK,柏レイソル,7000000
359,360,藤原　広太朗,27,DF,徳島ヴォルティス,6500000
360,360,和田　拓也,27,MF,大宮アルディージャ,6500000
361,362,矢島　慎也,23,MF,浦和レッズ,6000000
362,362,崔　誠根,26,MF,サガン鳥栖,6000000
363,362,吉本　一謙,29,DF,FC東京,6000000
364,362,安藤　駿介,27,GK,川崎フロンターレ,6000000
365,362,山越　享太郎,26,DF,川崎フロンターレ,6000000
366,362,金子　昌広,26,MF,ヴァンフォーレ甲府,6000000
367,362,廣永　遼太郎,27,GK,FC東京,6000000
368,362,濱田　水輝,27,DF,浦和レッズ,6000000
369,362,保坂　一成,34,MF,ヴァンフォーレ甲府,6000000
370,362,木村　敦志,33,GK,ガンバ大阪,6000000
371,362,熊谷　アンドリュー,24,MF,横浜F・マリノス,6000000
372,362,小島　秀仁,25,MF,徳島ヴォルティス,6000000
373,362,桐畑　和繁,30,GK,柏レイソル,6000000
374,362,関　憲太郎,31,GK,ベガルタ仙台,6000000
375,362,牟田　雄祐,27,DF,名古屋グランパス,6000000
376,362,ビョン　ジュンボン,26,DF,サンフレッチェ広島,6000000
377,362,川口　尚紀,23,DF,アルビレックス新潟,6000000
378,362,桜井　繁,38,GK,ベガルタ仙台,6000000
379,362,佐々木　翔,28,DF,ヴァンフォーレ甲府,6000000
380,381,奥田　達朗,29,GK,サガン鳥栖,5800000
381,381,松原　健,24,DF,アルビレックス新潟,5800000
382,381,加藤　大,26,MF,アルビレックス新潟,5800000
383,384,キム　ジョンミン,25,FW,徳島ヴォルティス,5500000
384,384,川俣　慎一郎,28,GK,鹿島アントラーズ,5500000
385,384,田鍋　陵太,24,MF,名古屋グランパス,5500000
386,384,花井　聖,28,MF,徳島ヴォルティス,5500000
387,384,河田　晃兵,30,GK,ガンバ大阪,5500000
388,384,昌子　源,24,DF,鹿島アントラーズ,5500000
389,390,泉澤　仁,25,MF,大宮アルディージャ,5000000
390,390,原　裕太郎,27,GK,サンフレッチェ広島,5000000
391,390,武藤　雄樹,29,FW,ベガルタ仙台,5000000
392,390,森谷　賢太郎,29,MF,川崎フロンターレ,5000000
393,390,鈴木　武蔵,23,FW,アルビレックス新潟,5000000
394,390,六反　勇治,30,GK,横浜F・マリノス,5000000
395,390,奈良輪　雄太,30,DF,横浜F・マリノス,5000000
396,390,宋　株熏,23,DF,アルビレックス新潟,5000000
397,390,松本　翔,25,MF,横浜F・マリノス,5000000
398,390,輪湖　直樹,27,DF,柏レイソル,5000000
399,390,福森　晃斗,24,DF,川崎フロンターレ,5000000
400,401,松田　陸,26,DF,FC東京,4800000
401,401,渡辺　泰広,25,GK,アルビレックス新潟,4800000
402,401,吉野　峻光,28,MF,セレッソ大阪,4800000
403,401,武藤　嘉紀,25,MF,FC東京,4800000
404,401,野村　政孝,26,GK,名古屋グランパス,4800000
405,401,小谷　祐喜,26,DF,セレッソ大阪,4800000
406,401,川辺　駿,22,MF,サンフレッチェ広島,4800000
407,401,矢田　旭,26,MF,名古屋グランパス,4800000
408,401,木下　淑晶,27,DF,徳島ヴォルティス,4800000
409,401,圍　謙太朗,26,GK,FC東京,4800000
410,401,本多　勇喜,26,DF,名古屋グランパス,4800000
411,401,宮原　和也,21,MF,サンフレッチェ広島,4800000
412,401,浅野　拓磨,23,FW,サンフレッチェ広島,4800000
413,401,茶島　雄介,26,MF,サンフレッチェ広島,4800000
414,401,阿部　一樹,30,GK,徳島ヴォルティス,4800000
415,401,松田　力,26,FW,名古屋グランパス,4800000
416,401,皆川　佑介,26,FW,サンフレッチェ広島,4800000
417,401,長谷川　徹,28,GK,徳島ヴォルティス,4800000
418,401,平岡　翼,21,MF,FC東京,4800000
419,401,大谷　尚輝,22,DF,サンフレッチェ広島,4800000
420,401,川浪　吾郎,26,GK,徳島ヴォルティス,4800000
421,401,高橋　壮也,21,DF,サンフレッチェ広島,4800000
422,401,新井　章太,29,GK,川崎フロンターレ,4800000
423,401,樋口　寛規,25,FW,清水エスパルス,4800000
424,401,可児　壮隆,26,MF,川崎フロンターレ,4800000
425,401,藤田　息吹,26,MF,清水エスパルス,4800000
426,401,六平　光成,26,MF,清水エスパルス,4800000
427,401,清武　功暉,26,MF,サガン鳥栖,4800000
428,401,谷口　彰悟,26,MF,川崎フロンターレ,4800000
429,401,赤﨑　秀平,26,FW,鹿島アントラーズ,4800000
430,401,坂井　達弥,27,DF,サガン鳥栖,4800000
431,401,三浦　弦太,22,DF,清水エスパルス,4800000
432,401,金子　翔太,22,MF,清水エスパルス,4800000
433,401,三浦　雄也,28,GK,清水エスパルス,4800000
434,401,藤嶋　栄介,25,GK,サガン鳥栖,4800000
435,401,伊東　幸敏,24,DF,鹿島アントラーズ,4800000
436,401,田尻　健,24,GK,ガンバ大阪,4800000
437,401,下田　北斗,26,MF,ヴァンフォーレ甲府,4800000
438,401,岸田　翔平,27,DF,サガン鳥栖,4800000
439,401,安　柄俊,27,FW,川崎フロンターレ,4800000
440,401,松本　大輝,26,FW,ヴァンフォーレ甲府,4800000
441,442,蜂須賀　孝治,27,DF,ベガルタ仙台,4500000
442,442,佐藤　和樹,24,DF,名古屋グランパス,4500000
443,442,藤井　悠太,26,DF,大宮アルディージャ,4500000
444,442,松村　亮,23,FW,ヴィッセル神戸,4500000
445,442,佐々木　一輝,26,FW,徳島ヴォルティス,4500000
446,442,高瀬　優孝,25,DF,大宮アルディージャ,4500000
447,448,ハーフナー　ニッキ,22,DF,名古屋グランパス,4200000
448,449,望月　嶺臣,22,MF,名古屋グランパス,4100000
449,450,小林　祐介,23,MF,柏レイソル,4000000
450,450,中村　航輔,22,GK,柏レイソル,4000000
451,450,小塚　和季,23,MF,アルビレックス新潟,4000000
452,450,中谷　進之介,21,DF,柏レイソル,4000000
453,450,北谷　史孝,22,DF,横浜F・マリノス,4000000
454,450,野澤　英之,23,MF,FC東京,4000000
455,450,喜田　拓也,23,MF,横浜F・マリノス,4000000
456,450,小屋松　知哉,22,FW,名古屋グランパス,4000000
457,450,小川　直毅,22,FW,ガンバ大阪,4000000
458,450,内田　裕斗,22,DF,ガンバ大阪,4000000
459,450,木村　裕,23,FW,柏レイソル,4000000
460,450,小暮　大器,23,MF,徳島ヴォルティス,4000000
461,450,小泉　慶,22,MF,アルビレックス新潟,4000000
462,450,酒井　高聖,21,DF,アルビレックス新潟,4000000
463,450,天野　純,26,MF,横浜F・マリノス,4000000
464,450,関根　貴大,22,MF,浦和レッズ,4000000
465,450,李　栄直,26,MF,徳島ヴォルティス,4000000
466,450,鈴木　椋大,23,GK,横浜F・マリノス,4000000
467,450,秋野　央樹,23,MF,柏レイソル,4000000
468,469,窪田　良,26,MF,徳島ヴォルティス,3800000
469,469,青木　亮太,21,MF,名古屋グランパス,3800000
470,469,森　勇人,22,MF,名古屋グランパス,3800000
471,469,ソン　セファン,22,DF,徳島ヴォルティス,3800000
472,473,大山　啓輔,22,MF,大宮アルディージャ,3600000
473,473,キム　ミンヒョク,25,DF,サガン鳥栖,3600000
474,473,小泉　勇人,22,GK,鹿島アントラーズ,3600000
475,473,植田　直通,23,DF,鹿島アントラーズ,3600000
476,473,川田　修平,23,GK,大宮アルディージャ,3600000
477,473,橋爪　勇樹,27,DF,ヴァンフォーレ甲府,3600000
478,473,シュミット　ダニエル,25,GK,ベガルタ仙台,3600000
479,473,宮内　龍汰,23,MF,鹿島アントラーズ,3600000
480,473,カイオ,23,MF,鹿島アントラーズ,3600000
481,473,若杉　好輝,22,MF,ヴァンフォーレ甲府,3600000
482,473,稲垣　祥,25,MF,ヴァンフォーレ甲府,3600000
483,473,平　秀斗,23,FW,サガン鳥栖,3600000
484,473,岡西　宏祐,27,GK,ヴァンフォーレ甲府,3600000
485,473,岡　大生,29,GK,ヴァンフォーレ甲府,3600000
486,473,山本　大貴,26,FW,ベガルタ仙台,3600000
487,473,岡田　武瑠,23,MF,セレッソ大阪,3600000
488,473,秋山　大地,23,MF,セレッソ大阪,3600000
489,473,ク　ソンユン,23,GK,セレッソ大阪,3600000
490,473,二見　宏志,25,DF,ベガルタ仙台,3600000
491,473,加賀美　翔,23,FW,清水エスパルス,3600000
492,473,前田　凌佑,23,MF,ヴィッセル神戸,3600000
493,473,高木和　徹,22,GK,清水エスパルス,3600000
494,473,柏瀬　暁,24,FW,清水エスパルス,3600000
495,473,金　容輔,22,FW,ヴィッセル神戸,3600000
496,473,吉丸　絢梓,21,GK,ヴィッセル神戸,3600000
497,473,豊川　雄太,23,FW,鹿島アントラーズ,3600000
498,473,杉本　太郎,21,MF,鹿島アントラーズ,3600000
499,473,和田　倫季,23,MF,ヴィッセル神戸,3600000
500,473,鍋田　亜人夢,26,FW,清水エスパルス,3600000
501,502,藤村　慶太,24,MF,ベガルタ仙台,3000000
502,502,杉森　考起,20,FW,名古屋グランパス,3000000
